question_id,answer_type,question,v16_retry_fast.answer,v16_retry_fast.retrieval,routed_doc_ids,routed_doc_numbers,route_source
8f95ae2a9d0a646b897457ef20d68e656b93a0ac87a0eae99c05016f24a8e612,boolean,Is there any main party that appeared in both cases CA 006/2024 and CFI 084/2024 at any point?,true,"[{""doc_id"": ""1fbae05f38185db6113ecb323f836cd8c5d188037921f5c5c5b7e0a812d9aa14"", ""page_numbers"": [1, 2, 3]}]",1fbae05f38185db6113ecb323f836cd8c5d188037921f5c5c5b7e0a812d9aa14;4153eef0383716968a41846200fa8bb135726cb45d32787053699c805c427ec9,CA 006/2024;CFI 084/2024,retrieval_rules
af7d4a3408d435ad4e6d99daf2ab371421550d066378596fc903f046e45d57e0,boolean,Is there evidence that a final trial took place in case CFI 041/2021?,true,"[{""doc_id"": ""2a2461886df041f237b8f2791c68315070c99f91a719f7d375c3ecdbae72a439"", ""page_numbers"": [1, 3, 4]}]",2a2461886df041f237b8f2791c68315070c99f91a719f7d375c3ecdbae72a439,CFI 041/2021,retrieval_rules
102e2fcc4d0ee868876f4b0221cdad9aef8d5d4bacc85cf873c8baaee1ad3f76,boolean,Were there any changes to the judges presiding over case ENF 269/2023 across its various stages?,true,"[{""doc_id"": ""5d3df6d69fac3ef91e13ac835b43a35e9e434fbc7e72ea5c01e288d69b66e6a2"", ""page_numbers"": [1, 5]}, {""doc_id"": ""5f2e0f8fe61acf2975a8b3a1a4f51ff3fe01961d220da1ec068cab0f398d6177"", ""page_numbers"": [1]}]",5d3df6d69fac3ef91e13ac835b43a35e9e434fbc7e72ea5c01e288d69b66e6a2;5f2e0f8fe61acf2975a8b3a1a4f51ff3fe01961d220da1ec068cab0f398d6177,ENF 269/2023,retrieval_rules
9551d92018ff1f4c062e1749416eaf9773408ba8ce7401fcc363c7aecee7e668,date,When was the Court of Appeal document in case CA 016/2024 issued?,null,"[{""doc_id"": ""7762b20eeb3ca0cb3dd62a4b079bf01d6b5e7f8707d7be77ad9c6ff1e230aabe"", ""page_numbers"": [2, 3, 27]}]",7762b20eeb3ca0cb3dd62a4b079bf01d6b5e7f8707d7be77ad9c6ff1e230aabe,CA 016/2024,retrieval_rules
4e30af687c758d047a3c54fae57bfb115114984af64e0dcd52f50de5c3b4ff07,name,"Between TCD 001/2023 and TCD 002/2024, which case involved the larger sum claimed by the claimant?","""“Counterclaim”)""","[{""doc_id"": ""44927ba58d3565f435c12443d5fc44454516ee3d35512f788d52dfbdb4f5a14c"", ""page_numbers"": [1]}, {""doc_id"": ""ad76dc7093851d116c8878802b815608adceed54f6b5195ae04ffec28ae25d32"", ""page_numbers"": [2]}, {""doc_id"": ""b9cde965ff214511b3517622bb7c5d5d47f6d229ca3be5d3f126f90ba113499c"", ""page_numbers"": [1]}]",11dd07e610124e86d7c0d1259b13be4806ed0fd060ff02acbe1fc0ab6e393f9a;44927ba58d3565f435c12443d5fc44454516ee3d35512f788d52dfbdb4f5a14c;8f1c1c6cba057742bbf55b26b0867a94ffe676eeedd4d1b9a795fa347001715a;ad76dc7093851d116c8878802b815608adceed54f6b5195ae04ffec28ae25d32;b9cde965ff214511b3517622bb7c5d5d47f6d229ca3be5d3f126f90ba113499c;ce2f02347ea985ac8fbfef23a38cfc5bdb078b2148613aeb1853241ff6dade7a,TCD 001/2023;TCD 002/2024,retrieval_rules
33c774d5b5c3ddffb951c744e84baa9fce56fcc81db98898b3bbe557beab9127,boolean,"Based on all documents in case CFI 073/2024, was a different composition of judges involved across different documents?",true,"[{""doc_id"": ""68976d0ef40230a57bf5d2cd2b8bbcb5b875fcf476d9aae4ea0b8dacb3787c23"", ""page_numbers"": [15, 23, 32]}]",5e1dd3fe094245b81e31da9c32d6f5765079ae3de3a3c8f1ca984bdca70dc3f9;68976d0ef40230a57bf5d2cd2b8bbcb5b875fcf476d9aae4ea0b8dacb3787c23,CFI 073/2024,retrieval_rules
deea5ab63979d8fe33a4832dac063dafbfb72e6249bb914588fc3465bacf3e8d,boolean,Did case CFI 084/2024 proceed to a full trial?,true,"[{""doc_id"": ""1fbae05f38185db6113ecb323f836cd8c5d188037921f5c5c5b7e0a812d9aa14"", ""page_numbers"": [1, 2, 8]}]",1fbae05f38185db6113ecb323f836cd8c5d188037921f5c5c5b7e0a812d9aa14,CFI 084/2024,retrieval_rules
8f918b992b3b0fa40a3696d43f741b6c7ba95966b16db75d58d64092fa2d5914,date,"By when should public responses be submitted according to ""CONSULTATION PAPER NO. 3 PROPOSED AMENDMENTS TO DIFC LEGISLATION""?",null,[],,,fallback_no_target_docs
bfe9f14f21d0d5341c3737eff60b396a9a5173f4ae5ff3f1bc2ab69f99e7a4c2,date,"What is the consultation deadline stated in ""CONSULTATION PAPER NO. 3 PROPOSALS RELATING TO AMENDMENTS TO THE STRATA TITLE LAW AND REGULATIONS""?",null,[],,,fallback_no_target_docs
0f58b5c2e3c1a771d89b0550e87efcd299d56bb4de4788044ef9bfeb2e85f760,boolean,Is there a record of case SCT 295/2025 being appealed to the CFI?,true,"[{""doc_id"": ""09660f78c26cd56c08c7253ed21ba01fb246092f482ccd8acd8e6f9b6fd2d917"", ""page_numbers"": [7, 8, 11]}]",09660f78c26cd56c08c7253ed21ba01fb246092f482ccd8acd8e6f9b6fd2d917,SCT 295/2025,retrieval_rules
613217268c14e7aa3f190f7d8b43610f2ffdae2cf15a4f8d7a3acfa52cefeedb,name,"Under Article 12 of the Real Property Law 2018, what is the term for the office created as a corporation sole?",null,[],,,fallback_no_target_docs
10f73da4faa00b60b5b05a114bc978e8f2373a497764e380425574d507c12991,number,What was the monetary amount in AED subject to enforcement in case ENF 022/2023?,null,[],,ENF 022/2023,fallback_no_target_docs
c9de60755821a1cdb952b721e961b3b7cc3b6d41ec49b909442bbdd9d597aacf,date,"By when should public responses be submitted according to ""DIFC LAWS AMENDMENT LAW DIFC LAW NO. 4 of 2017""?",null,"[{""doc_id"": ""26dbc112e53aac8fb48fdaaba20f55beebcab2724934bbb19f4accbd671d38be"", ""page_numbers"": [1, 2, 3]}]",26dbc112e53aac8fb48fdaaba20f55beebcab2724934bbb19f4accbd671d38be,LAW NO. 4 OF 2017,retrieval_rules
d4281f95058201fc218508fadd893856a5cc0cafabf223931f00c4b1fd726eae,boolean,Is there any main party that appeared in both cases ARB 009/2023 and SCT 295/2025 at any point?,true,"[{""doc_id"": ""09660f78c26cd56c08c7253ed21ba01fb246092f482ccd8acd8e6f9b6fd2d917"", ""page_numbers"": [7]}, {""doc_id"": ""ec70dca8ed05590449db65f2e6cae5213af3ca12c6bf2dc176f07f460668ac9a"", ""page_numbers"": [1, 2]}]",09660f78c26cd56c08c7253ed21ba01fb246092f482ccd8acd8e6f9b6fd2d917;ec70dca8ed05590449db65f2e6cae5213af3ca12c6bf2dc176f07f460668ac9a,ARB 009/2023;SCT 295/2025,retrieval_rules
7037e866bfdb7309d18b498da0f77f4ef8f922247414112b4aa549e0b70eafb7,names,Who sought recognition of the arbitral award in case ARB 024/2025?,"[""Olympio"", ""Olwin"", ""Claim No"", ""Claimant"", ""Defendant""]","[{""doc_id"": ""55fa145c3f08b4ca22bba9263dbcdb3ec4f9d9c762c73ae20e8e6f8019c010f7"", ""page_numbers"": [1, 2, 3]}]",55fa145c3f08b4ca22bba9263dbcdb3ec4f9d9c762c73ae20e8e6f8019c010f7,ARB 024/2025,retrieval_rules
a7ba23a6d0fbeff843c3b22057f514149e64e58d29845586afd87e15f10626bd,boolean,Is there evidence that a final trial took place in case CFI 022/2025?,true,"[{""doc_id"": ""8e18998606b040f5a6d748ccad5c991462aec551a0381ebed6d3f7eac6bab400"", ""page_numbers"": [1, 4, 9]}]",8e18998606b040f5a6d748ccad5c991462aec551a0381ebed6d3f7eac6bab400,CFI 022/2025,retrieval_rules
77ca3f171888f3c0d58a1f62693696002e4e08294af39b4b1670f67abbbf3eee,number,What is the total number of distinct claimants in case SCT 295/2025?,6.0,"[{""doc_id"": ""09660f78c26cd56c08c7253ed21ba01fb246092f482ccd8acd8e6f9b6fd2d917"", ""page_numbers"": [2, 7, 11]}]",09660f78c26cd56c08c7253ed21ba01fb246092f482ccd8acd8e6f9b6fd2d917,SCT 295/2025,retrieval_rules
eb08a45bbcd453f08074fc54c0c3614e3fd9f5ffe6c5a41a0ec668bd471fae02,boolean,"Considering all documents across case CA 003/2024 and case CFI 055/2020, was there any judge who participated in both?",true,"[{""doc_id"": ""665e1be417bb694d30926dec91130ad36cb25567e49e0e20aabed26f2830fb4c"", ""page_numbers"": [19, 20]}, {""doc_id"": ""b02055aab210dceb055711108f8d4b8a75e8b3c935efe5cab3291ac9a07abada"", ""page_numbers"": [1]}]",665e1be417bb694d30926dec91130ad36cb25567e49e0e20aabed26f2830fb4c;b02055aab210dceb055711108f8d4b8a75e8b3c935efe5cab3291ac9a07abada,CA 003/2024;CFI 055/2020,retrieval_rules
a45d272c59553c6e5137bc9b733f8dc81ddcffe3ce14f43572a1cace1a5da14d,date,When was the SCT document in case SCT 415/2024 issued?,null,"[{""doc_id"": ""e9a32d22eb9bac59756c1fe25e6d5ffd09d75582efcbe191fe8f078145cc08a5"", ""page_numbers"": [1, 2, 5]}]",e9a32d22eb9bac59756c1fe25e6d5ffd09d75582efcbe191fe8f078145cc08a5,SCT 415/2024,retrieval_rules
d7a632bf591981a53e78090e33a53932233b6556eae9094f51f9a0a2481ad429,boolean,Is there any main party that appeared in both cases ARB 009/2023 and SCT 101/2025 at any point?,true,"[{""doc_id"": ""8f8837a8ccf2a27e9f7264f569a2df49aea92c1d6ecee753c6e307c9c5c37b87"", ""page_numbers"": [1]}, {""doc_id"": ""ec70dca8ed05590449db65f2e6cae5213af3ca12c6bf2dc176f07f460668ac9a"", ""page_numbers"": [1, 2]}]",8f8837a8ccf2a27e9f7264f569a2df49aea92c1d6ecee753c6e307c9c5c37b87;ec70dca8ed05590449db65f2e6cae5213af3ca12c6bf2dc176f07f460668ac9a,ARB 009/2023;SCT 101/2025,retrieval_rules
ef01d817f13701e49ab8305bf2112bc286a9347d1dbad383222297089e5b5448,number,"What fine in USD applies under Foundations Law DIFC Law No. 3 of 2018 to a Foundation that fails to, within thirty (30) days after the accounts have been approved by the Council, either file a copy of its annual accounts with the Registrar if it has no Registered Agent or provide a copy to its Registered Agent?",null,[],,LAW NO. 3 OF 2018,fallback_no_target_docs
9417bbd6ea5a85f99bc8ed14f9abca1cc664c175dbcde959bb924025321475e1,boolean,Is there any main party common to both case CFI 043/2020 and case SCT 405/2025 at any point?,true,"[{""doc_id"": ""65f3f4acfcaca7fc9488e275643135ea7e1d30323e4f4c2cc04d7fc16844e373"", ""page_numbers"": [2]}, {""doc_id"": ""96be25a94c84742ae6b7b6e2275376c2393312c7097682f1135590d76d55e727"", ""page_numbers"": [1, 5]}]",65f3f4acfcaca7fc9488e275643135ea7e1d30323e4f4c2cc04d7fc16844e373;96be25a94c84742ae6b7b6e2275376c2393312c7097682f1135590d76d55e727,CFI 043/2020;SCT 405/2025,retrieval_rules
16c1417ba538c9c965a7e7432ab8cdbb04e3ac568e79de2b0df54c96864ecdeb,boolean,"Under Article 15 of the Law of the Dubai International Financial Centre No. (9) of 2004, can companies incorporated within the Centre be fully owned by persons or entities that are not nationals of or domiciled in the UAE?",null,[],,,fallback_no_target_docs
fb4d9cecc1001226ec3b64a46b2f9eca882baaae39255fa5d048bb1eba649204,name,Which case had a higher claim amount: SCT 415/2024 or SCT 454/2024?,"""Issued by:""","[{""doc_id"": ""e9a32d22eb9bac59756c1fe25e6d5ffd09d75582efcbe191fe8f078145cc08a5"", ""page_numbers"": [1, 2]}, {""doc_id"": ""f4c4d051d514270964adcf58e124569e396602340b7d9172671759de10a95897"", ""page_numbers"": [1]}]",e9a32d22eb9bac59756c1fe25e6d5ffd09d75582efcbe191fe8f078145cc08a5;f4c4d051d514270964adcf58e124569e396602340b7d9172671759de10a95897,SCT 415/2024;SCT 454/2024,retrieval_rules
b730567fe49a441f8da7846f7fe9a8dac6bb9e74c340edc7466400e615f3b069,boolean,Is there evidence that a final trial took place in case CFI 035/2025?,true,"[{""doc_id"": ""f8d3778ec2891efd616f8f34595cb80a61d49cde1e9bef7e857718c6337397fe"", ""page_numbers"": [1, 4, 5]}]",f8d3778ec2891efd616f8f34595cb80a61d49cde1e9bef7e857718c6337397fe,CFI 035/2025,retrieval_rules
b7d0381d8ead47fae8e9751022ceb797ee850bc8f89c9fc0842a25e62aa699b5,date,On what date was the arbitration award rendered for case ARB 009/2023?,null,"[{""doc_id"": ""ec70dca8ed05590449db65f2e6cae5213af3ca12c6bf2dc176f07f460668ac9a"", ""page_numbers"": [1, 2, 5]}]",ec70dca8ed05590449db65f2e6cae5213af3ca12c6bf2dc176f07f460668ac9a,ARB 009/2023,retrieval_rules
8a57f2064f427613f260d855c753b26c955121bc191457f686e7550f681872e4,boolean,Do these Regulations apply to winding up proceedings relating to an Insurer?,null,[],,,fallback_no_target_docs
31526de2d2c98435c326f9d7bb69b1174495a31cd99714a64cf038fbcd8641b8,number,"According to Article 10 of the Law of the Dubai International Financial Centre No. (9) of 2004, for what maximum period may Centre Establishments be located in the Emirate outside the Centre?",null,[],,,fallback_no_target_docs
a4145d2325e040c24a4b5cc753d88f58bf5777ab7ad7053a521bb4f584f7ab6b,name,Which case had a higher claim amount: SCT 295/2025 or SCT 454/2024?,"""Release Agreement. Further and in any event:""","[{""doc_id"": ""09660f78c26cd56c08c7253ed21ba01fb246092f482ccd8acd8e6f9b6fd2d917"", ""page_numbers"": [2, 7, 11]}]",09660f78c26cd56c08c7253ed21ba01fb246092f482ccd8acd8e6f9b6fd2d917;f4c4d051d514270964adcf58e124569e396602340b7d9172671759de10a95897,SCT 295/2025;SCT 454/2024,retrieval_rules
d6a05f084a294d81489e49bab546972548de6e5982fd053e0fb02a99e1e72055,boolean,"Based on all documents in case SCT 011/2025 and case SCT 459/2024, is there any main party that appeared in both?",true,"[{""doc_id"": ""ea81bf0f8c1d423dd61e6d2901ca7872209185eb8e25e05a672148a9fb3e635e"", ""page_numbers"": [1, 7, 12]}]",00427a0402e71479e78abd615764eba7f3874352663aa227caeca830a3cbf6b4;ea81bf0f8c1d423dd61e6d2901ca7872209185eb8e25e05a672148a9fb3e635e,SCT 011/2025;SCT 459/2024,retrieval_rules
4b970a34170e94e43e08db1f2dabf7faffb5b11216d98179b43415b201ed15a7,boolean,Was the same judge involved at any point in both case CA 006/2024 and case CA 009/2024?,true,"[{""doc_id"": ""bd2d222ee0a636a745434cfb457321cd658db5bb32b5f0a3f5643236cc1503d8"", ""page_numbers"": [1, 2, 5]}]",4153eef0383716968a41846200fa8bb135726cb45d32787053699c805c427ec9;bd2d222ee0a636a745434cfb457321cd658db5bb32b5f0a3f5643236cc1503d8,CA 006/2024;CA 009/2024,retrieval_rules
d00c6ebcbae1e9f0fce53bcb991f98ba20af9b471b8f13afaffabf955fc30eb8,date,What is the effective date of the consolidated version of these Employment Regulations?,null,[],,,fallback_no_target_docs
82dc415c01f3958cefe28b2a49e46e8f750e853447cb6df034d006f5a9a1da8c,boolean,Did case SCT 454/2024 get appealed to the Court of First Instance?,true,"[{""doc_id"": ""f4c4d051d514270964adcf58e124569e396602340b7d9172671759de10a95897"", ""page_numbers"": [2, 3, 4]}]",f4c4d051d514270964adcf58e124569e396602340b7d9172671759de10a95897,SCT 454/2024,retrieval_rules
0b321e55ba86853197f4369672bc5c72688259b5a8780618a6830dddaffa83d4,names,Which parties responded to the appeal in case CA 012/2024?,"[""Order"", ""Justice Shamlan Al"", ""Sawalehi"", ""April"", ""Claimant""]","[{""doc_id"": ""0fab7473adefdc8ab2150cb26aac46cf3f6b5c1da374abb1ec217448ae3c2869"", ""page_numbers"": [2, 9, 14]}]",0fab7473adefdc8ab2150cb26aac46cf3f6b5c1da374abb1ec217448ae3c2869,CA 012/2024,retrieval_rules
fd8e4eb0382e65fd7c6e594fad7cb466100e9157285d5b1910d5e43c02f10826,name,"Between CFI 016/2025 and CFI 043/2020, which case involved the larger sum claimed by the claimant?","""CFI 016/2025 Omar Ben Hallam v Natixis""","[{""doc_id"": ""6248961b681ea0deb189f354be0c8286f35974dcdb211c13c921c3dd0e566a6e"", ""page_numbers"": [1, 3, 6]}]",6248961b681ea0deb189f354be0c8286f35974dcdb211c13c921c3dd0e566a6e;96be25a94c84742ae6b7b6e2275376c2393312c7097682f1135590d76d55e727,CFI 016/2025;CFI 043/2020,retrieval_rules
aa4861a0cd77b29b756e1ca421f5443cbb9a2b501a34387a212c00da8889a531,date,"What is the response deadline mentioned in the DIFC document ""Consultation Paper No. 4: Proposal relating to an amendment to the Leasing Regulations""?",null,[],,,fallback_no_target_docs
14e9a749348b213f707748608a0823fe7d8b0c1000d968c89d95162762d27b13,boolean,Is there any main party common to both case ARB 014/2025 and case TCD 003/2022 at any point?,true,"[{""doc_id"": ""62d4492fbd9570bdc5d0c9ee17e3969b2238bc5fa12416de9a0fd27adf56deeb"", ""page_numbers"": [1, 2, 3]}]",62d4492fbd9570bdc5d0c9ee17e3969b2238bc5fa12416de9a0fd27adf56deeb;b9fdb42c55d635bd14ae3074bc1ee15f7fcafc647b4d839da882598c05bde6f4,ARB 014/2025;TCD 003/2022,retrieval_rules
5872902213e6e981741174b0ca77416b18c0593cd6437111e388c935e4b3d383,boolean,Identify whether any person or company is a main party to both ARB 024/2025 and SCT 454/2024 at any point.,true,"[{""doc_id"": ""55fa145c3f08b4ca22bba9263dbcdb3ec4f9d9c762c73ae20e8e6f8019c010f7"", ""page_numbers"": [1, 2]}, {""doc_id"": ""f4c4d051d514270964adcf58e124569e396602340b7d9172671759de10a95897"", ""page_numbers"": [4]}]",55fa145c3f08b4ca22bba9263dbcdb3ec4f9d9c762c73ae20e8e6f8019c010f7;f4c4d051d514270964adcf58e124569e396602340b7d9172671759de10a95897,ARB 024/2025;SCT 454/2024,retrieval_rules
39b054bcbbe6049d0cf80c98e00cc1a98e860eda012d30a1137efb215a5a5e16,date,What is the date of the underlying arbitral award in case ARB/031/2025?,null,[],,,fallback_no_target_docs
0495178d25d14b7c393835f2fdd159e2c24a8dccedab8edf744cbb6c86c87301,boolean,Identify whether any person or company is a main party to both CFI 025/2025 and SCT 452/2024 at any point.,null,"[{""doc_id"": ""0a59bb9e8700bdbde4b2cd2ccb3ef6d0e80558a346cf7308f4ff2a0868b1a76c"", ""page_numbers"": [1]}, {""doc_id"": ""b212f401e34dc75bb9b65c3c45072125db68094f45e0587ab93669c97da650ce"", ""page_numbers"": [1, 8]}]",0a59bb9e8700bdbde4b2cd2ccb3ef6d0e80558a346cf7308f4ff2a0868b1a76c;b212f401e34dc75bb9b65c3c45072125db68094f45e0587ab93669c97da650ce,CFI 025/2025;SCT 452/2024,retrieval_rules
c64c0caac6f8677183203ac4620945f941a2a657559578405922b1b38ee770cb,boolean,Review the full case files for CFI 025/2025 and CFI 092/2024 — is there any main party common to both?,true,"[{""doc_id"": ""d32e76d495ac7d855d805fb71682b98d254520e3799aa4529ebc983212648335"", ""page_numbers"": [1, 4, 10]}]",b212f401e34dc75bb9b65c3c45072125db68094f45e0587ab93669c97da650ce;d32e76d495ac7d855d805fb71682b98d254520e3799aa4529ebc983212648335,CFI 025/2025;CFI 092/2024,retrieval_rules
bff9362ec53b2305c38f431928ba98d03e6d39b7f5ccd11412e3e74a6de7b97e,date,When did the INTELLECTUAL PROPERTY REGULATIONS come into force?,null,[],,,fallback_no_target_docs
5f6b9a0c903c35b608e97deeaf9a10f59ae7a798da8373a9a5621c4e8cb515be,boolean,Was a full trial held in case CFI 106/2025?,true,"[{""doc_id"": ""7a288e5ccc9cf410418f9786f72eaf82becf52c4070446a61bc9eecee004601f"", ""page_numbers"": [2, 4, 12]}]",7a288e5ccc9cf410418f9786f72eaf82becf52c4070446a61bc9eecee004601f,CFI 106/2025,retrieval_rules
7991cee33aff646be247f71e1804651bbbadf1631da00a7b6fba48438f6d3d0b,number,How many unique parties were defending the claim in case CFI 022/2025?,22.0,"[{""doc_id"": ""8e18998606b040f5a6d748ccad5c991462aec551a0381ebed6d3f7eac6bab400"", ""page_numbers"": [1, 5, 9]}]",8e18998606b040f5a6d748ccad5c991462aec551a0381ebed6d3f7eac6bab400,CFI 022/2025,retrieval_rules
15968b4ad6da8abe96510757f17bdb7915991f7d079058a31127f439adf660ea,boolean,Is case ENF 022/2023 related to the arbitration award in case ARB 014/2025?,true,"[{""doc_id"": ""62d4492fbd9570bdc5d0c9ee17e3969b2238bc5fa12416de9a0fd27adf56deeb"", ""page_numbers"": [1, 2, 3]}]",62d4492fbd9570bdc5d0c9ee17e3969b2238bc5fa12416de9a0fd27adf56deeb,ARB 014/2025;ENF 022/2023,retrieval_rules
3db41cf730f711e648e82717530910c0c45e564e43d50440b8ccfc06c461bb32,name,"Between SCT 169/2025 and SCT 454/2024, which case involved the larger sum claimed by the claimant?","""IT IS HEREBY ORDERED THAT:""","[{""doc_id"": ""3a574fc4f0baa5ec7ff0dcc822d7c55e4f9c493c24addc217c8df3d848c16fa5"", ""page_numbers"": [1, 2]}, {""doc_id"": ""f4c4d051d514270964adcf58e124569e396602340b7d9172671759de10a95897"", ""page_numbers"": [4]}]",3a574fc4f0baa5ec7ff0dcc822d7c55e4f9c493c24addc217c8df3d848c16fa5;f4c4d051d514270964adcf58e124569e396602340b7d9172671759de10a95897,SCT 169/2025;SCT 454/2024,retrieval_rules
9290644a4b39075e5a26596524a1d4517198c4b168704e948b4b392d1f3894cd,boolean,Did case SCT 459/2024 get appealed to the Court of First Instance?,true,"[{""doc_id"": ""ea81bf0f8c1d423dd61e6d2901ca7872209185eb8e25e05a672148a9fb3e635e"", ""page_numbers"": [1, 8, 12]}]",ea81bf0f8c1d423dd61e6d2901ca7872209185eb8e25e05a672148a9fb3e635e,SCT 459/2024,retrieval_rules
c86c146edd1bfdf109d1107733b29ccfb1fb3ae90920af33a280a6c694079d4a,name,Which case had a higher claim amount: SCT 365/2024 or SCT 387/2024?,"""Interest, Costs and other relief""","[{""doc_id"": ""37f14b6d6d2a99ea50a8cbe6221c0bef5a0b75a65e270e9b1144b6c2acdb2f57"", ""page_numbers"": [2, 10]}, {""doc_id"": ""4cccd40fc2bd7aee0287bbff7ac8d922bb4ea4e4646c96af7c16784657d6e884"", ""page_numbers"": [2]}]",37f14b6d6d2a99ea50a8cbe6221c0bef5a0b75a65e270e9b1144b6c2acdb2f57;4cccd40fc2bd7aee0287bbff7ac8d922bb4ea4e4646c96af7c16784657d6e884,SCT 365/2024;SCT 387/2024,retrieval_rules
3bdf7da03e799e7babf70ed900f70bea578769bcc35a07fbaefbaed59c82a005,boolean,Was the same judge involved at any point in both case CFI 010/2024 and case CFI 055/2020?,null,"[{""doc_id"": ""443e04bc1a78940b3fcd5438d24b6c5f182a276d354a3108e738b193675de032"", ""page_numbers"": [1]}, {""doc_id"": ""b02055aab210dceb055711108f8d4b8a75e8b3c935efe5cab3291ac9a07abada"", ""page_numbers"": [1, 2]}]",443e04bc1a78940b3fcd5438d24b6c5f182a276d354a3108e738b193675de032;b02055aab210dceb055711108f8d4b8a75e8b3c935efe5cab3291ac9a07abada,CFI 010/2024;CFI 055/2020,retrieval_rules
54928b1292fbdc0b28851cea88c1650cc78158cad7aa822ec4c7add691b47e9b,boolean,Review the full case files for SCT 160/2025 and SCT 415/2024 — is there any main party common to both?,true,"[{""doc_id"": ""e4741149b9a44c7cd24286313a2c89e92923b8e99786d4b02107f093aa8293c2"", ""page_numbers"": [2, 3, 6]}]",e4741149b9a44c7cd24286313a2c89e92923b8e99786d4b02107f093aa8293c2;e9a32d22eb9bac59756c1fe25e6d5ffd09d75582efcbe191fe8f078145cc08a5,SCT 160/2025;SCT 415/2024,retrieval_rules
6c5ae2dec1c7a407d1a74906bd1d9afb59d2b9ca5c0d4c90a96fea7c5c8340bf,number,What is the total number of distinct claimants in case SCT 256/2024?,26.0,"[{""doc_id"": ""6c3c49e1a35a1e3577a0412f97b6e3d91cae11d24430c7390d7865c992b1a515"", ""page_numbers"": [2, 3, 4]}]",6c3c49e1a35a1e3577a0412f97b6e3d91cae11d24430c7390d7865c992b1a515,SCT 256/2024,retrieval_rules
8c6f741aee7c566e3711533a9fddff594efb57f68f07cf6300209e116169faad,boolean,Review the full case files for SCT 415/2024 and TCD 009/2020 — is there any main party common to both?,true,"[{""doc_id"": ""e9a32d22eb9bac59756c1fe25e6d5ffd09d75582efcbe191fe8f078145cc08a5"", ""page_numbers"": [1, 2, 7]}]",72c68112558f90a3cd53e49048eec495bf31bdc1846e41cc7f967f55bd10a188;e9a32d22eb9bac59756c1fe25e6d5ffd09d75582efcbe191fe8f078145cc08a5,SCT 415/2024;TCD 009/2020,retrieval_rules
602869c092adae0f0fd74b15a9581433c1f6bcb8eb1b2f310100ffeb41824e25,date,"What is the response deadline mentioned in the DIFC document ""Consultation Paper No. 2: Proposed New Financial Collateral Regulations and Security Regulations""?",null,[],,,fallback_no_target_docs
c95fb33ec7ce14ce0ca49e4e200a6fa59f16db779fdada83b00654e6eeb6bdb0,name,"Between ARB 009/2023 and ARB 014/2025, which case involved the larger arbitral award?","""ARB 014/2025 (1) Obert (2) Ona v Ondray""","[{""doc_id"": ""62d4492fbd9570bdc5d0c9ee17e3969b2238bc5fa12416de9a0fd27adf56deeb"", ""page_numbers"": [1, 2, 3]}]",62d4492fbd9570bdc5d0c9ee17e3969b2238bc5fa12416de9a0fd27adf56deeb;ec70dca8ed05590449db65f2e6cae5213af3ca12c6bf2dc176f07f460668ac9a,ARB 009/2023;ARB 014/2025,retrieval_rules
911cb65a2d832d0d5e46da43cefc4a6bbf6058a02f1ba1eba46ba29f7c30f138,date,What is the Date of Issue of the document in case CFI 067/2025?,"""2026-02-06""",[],897ab23ed5a70034d3d708d871ad1da8bc7b6608d94b1ca46b5d578d985d3c13,CFI 067/2025,docs_list_rules
efa713ea279d5057b4127fb9f7308382724897ee37ebc9a5834b585a9af4563c,boolean,"Under Article 12(6) of the Limited Partnership Law 2006, is the Registrar bound to provide a reason for refusing to register a Limited Partnership?",null,[],,,fallback_no_target_docs
64dbaa53f3c4cd00df383ea74adb8f11dfe3fe0a4b78f6f7214a134aeea03463,name,Which case had a higher claim amount: SCT 454/2024 or SCT 485/2024?,"""Oleta v Onesimo [2024] DIFC SCT 454""","[{""doc_id"": ""f4c4d051d514270964adcf58e124569e396602340b7d9172671759de10a95897"", ""page_numbers"": [1, 2, 4]}]",df1355930bf24acf13f161965f6f413db2877773a500f4d5a804a1e3f951166e;f4c4d051d514270964adcf58e124569e396602340b7d9172671759de10a95897,SCT 454/2024;SCT 485/2024,retrieval_rules
72488cc3d196da3f7fe8eb9feeaa512d9030b52263684ffedecfa0c0b9b393e9,date,"What is the response deadline mentioned in the DIFC document ""Companies Law DIFC Law No. 3 of 2017 [*Issued for Consultation Purposes Only]""?",null,[],,LAW NO. 3 OF 2017,fallback_no_target_docs
8b3eae61bcb32127c4de9419e743e94afd75d4a376c0a64d8419d0557c86f334,name,Identify the case with the higher arbitral award value: ARB 009/2023 or ARB 014/2025?,"""ARB 014/2025 (1) Obert (2) Ona v Ondray""","[{""doc_id"": ""62d4492fbd9570bdc5d0c9ee17e3969b2238bc5fa12416de9a0fd27adf56deeb"", ""page_numbers"": [1, 2]}, {""doc_id"": ""ec70dca8ed05590449db65f2e6cae5213af3ca12c6bf2dc176f07f460668ac9a"", ""page_numbers"": [1]}]",62d4492fbd9570bdc5d0c9ee17e3969b2238bc5fa12416de9a0fd27adf56deeb;ec70dca8ed05590449db65f2e6cae5213af3ca12c6bf2dc176f07f460668ac9a,ARB 009/2023;ARB 014/2025,retrieval_rules
11ad83676a1cb695ab507348019b564c92c83990db6a82287ad8655bdc9b9795,boolean,Was the same judge involved at any point in both case ENF-022-2023 and case TCD 003/2022?,null,"[{""doc_id"": ""b9fdb42c55d635bd14ae3074bc1ee15f7fcafc647b4d839da882598c05bde6f4"", ""page_numbers"": [1, 2, 5]}]",b9fdb42c55d635bd14ae3074bc1ee15f7fcafc647b4d839da882598c05bde6f4,TCD 003/2022,retrieval_rules
630f7ece494028151592e45e2a809c541dbd9af98d875093b474fc04fc51df50,number,How many unique claimants brought the claim in case TCD 003/2022?,3.0,"[{""doc_id"": ""b9fdb42c55d635bd14ae3074bc1ee15f7fcafc647b4d839da882598c05bde6f4"", ""page_numbers"": [1, 2, 5]}]",b9fdb42c55d635bd14ae3074bc1ee15f7fcafc647b4d839da882598c05bde6f4,TCD 003/2022,retrieval_rules
2ea9caf3bf0f7d4e7882854078cee907497c81d557615889993cb0fdaffbbbb4,boolean,"Across all documents in case ENF 053/2025, did the panel of judges change between documents?",true,"[{""doc_id"": ""43b9033ec25f016635f416e4b49558f5bc29f6c55bbd72bea1d1d840b170a371"", ""page_numbers"": [1, 2]}, {""doc_id"": ""c66b8374d326d16ec5ff48195825798c3ba696c787ad8a59c23a7a2908f34a0d"", ""page_numbers"": [1]}]",43b9033ec25f016635f416e4b49558f5bc29f6c55bbd72bea1d1d840b170a371;c66b8374d326d16ec5ff48195825798c3ba696c787ad8a59c23a7a2908f34a0d,ENF 053/2025,retrieval_rules
8e6352898884582e89750ad7bfafee593675442d7ed14bf3c08a89984ae42747,boolean,Did case SCT 101/2025 get appealed to the Court of First Instance?,true,"[{""doc_id"": ""8f8837a8ccf2a27e9f7264f569a2df49aea92c1d6ecee753c6e307c9c5c37b87"", ""page_numbers"": [1, 2, 3]}]",8f8837a8ccf2a27e9f7264f569a2df49aea92c1d6ecee753c6e307c9c5c37b87,SCT 101/2025,retrieval_rules
9ab1e0e642d7b5b6366bbb8b5dff33741664e7e7ce2b408463958d723a742879,boolean,"Across all documents in case ARB 034/2025 and case ARB/031/2025, is there any legal entity or individual that appears as a main party in both?",null,"[{""doc_id"": ""58eae81bf668e7f6c58619f419a49b5e35e2e5c9c7475475ace28ec562580545"", ""page_numbers"": [1, 3, 4]}]",58eae81bf668e7f6c58619f419a49b5e35e2e5c9c7475475ace28ec562580545,ARB 034/2025,retrieval_rules
54cbb7fec00eee63eaa5521c698fdb1ee4744bc2ac0c691fe78eb6b427c53b4c,number,"What fine in USD applies under Insolvency Law DIFC Law No. 1 of 2019 to a Director making a declaration without having reasonable grounds for the opinion that the Company will be able to pay its debts in full, together with any interest, within the period specified in that declaration?",41.0,"[{""doc_id"": ""520092b050dba213c387126ca1216326e6bad58ab955dbf77232270dcfe616e6"", ""page_numbers"": [30, 34, 45]}]",3db5a33386822a7c5f3c76d917786564e7a9a2d960ed0074dbd9207e49ce0cca;520092b050dba213c387126ca1216326e6bad58ab955dbf77232270dcfe616e6;a09572857a46fd7445bf0ed326b8709e0d48a80b9de727cb3e85f39b67e1ad60,LAW NO. 1 OF 2019,retrieval_rules
982082afb838b8c7b833eee035367fc559a4c62d8a523ed9fcad96a56a6e29e0,boolean,Was the same judge involved at any point in both case CA 012/2024 and case CFI 058/2024?,true,"[{""doc_id"": ""0fab7473adefdc8ab2150cb26aac46cf3f6b5c1da374abb1ec217448ae3c2869"", ""page_numbers"": [1, 2]}, {""doc_id"": ""51d4b9c700ef128624b2b79f6caaf68f2cb879fce9e5329aefce57439322a162"", ""page_numbers"": [1]}]",0fab7473adefdc8ab2150cb26aac46cf3f6b5c1da374abb1ec217448ae3c2869;51d4b9c700ef128624b2b79f6caaf68f2cb879fce9e5329aefce57439322a162,CA 012/2024;CFI 058/2024,retrieval_rules
d3f81b0cfd1a5573a4a72ccb154e491b8d100b2f647ba56691f65ee201f6f2c2,date,"What is the consultation deadline stated in ""Consultation Paper No. 1: Proposal Relating to an Amendment to the Real Property Law No.10 of 2018""?",null,"[{""doc_id"": ""890c80a61de86cc86adde4f02831193cf4ef75ba74f28df29f7c5cfb307d7c87"", ""page_numbers"": [2]}, {""doc_id"": ""b4d7a422e0ede31c3dabe49ce9741fd6fd379f91ba352d050e56697559f2dbb2"", ""page_numbers"": [1]}, {""doc_id"": ""f283b88843e999a36801cebb852796fc645b04119cc4c6196f491d8d073f33cc"", ""page_numbers"": [1]}]",890c80a61de86cc86adde4f02831193cf4ef75ba74f28df29f7c5cfb307d7c87;9832c0ab41b10ebd0fda084dbafd97f6483459f3321622faefe323083464e465;b164f6e841bdd425f5fb1bf7913406fcdd82ab8c44bf6440bb47650d012f9af3;b4d7a422e0ede31c3dabe49ce9741fd6fd379f91ba352d050e56697559f2dbb2;f283b88843e999a36801cebb852796fc645b04119cc4c6196f491d8d073f33cc,LAW NO. 10 OF 2018,retrieval_rules
9b35f67ff0a7be83cd78daeca1114d6202f8b3b53a5564dc4bf10d890d0a2892,date,When was the original arbitral award issued in case ARB 014/2025?,null,"[{""doc_id"": ""62d4492fbd9570bdc5d0c9ee17e3969b2238bc5fa12416de9a0fd27adf56deeb"", ""page_numbers"": [1, 2, 3]}]",62d4492fbd9570bdc5d0c9ee17e3969b2238bc5fa12416de9a0fd27adf56deeb,ARB 014/2025,retrieval_rules
70f6521fa092778832bc0c16d954c6695abfddb72406180774fbf19ee95009e9,date,"By when should public responses be submitted according to ""CONSULTATION PAPER NO. 1 PROPOSALS RELATING TO A NEW COMPANIES LAW""?",null,[],,,fallback_no_target_docs
330ecb8bc8473a426561b723fcf7f8439d602f721b2897d44185019d1b62b3bc,boolean,Did cases CFI 067/2025 and CFI 076/2024 have any judges in common across their entire proceedings?,true,"[{""doc_id"": ""897ab23ed5a70034d3d708d871ad1da8bc7b6608d94b1ca46b5d578d985d3c13"", ""page_numbers"": [1]}, {""doc_id"": ""9f41ffdf37412adf838e9851fd7f6b0aa9f5514eed54724f81a69917cffebcf9"", ""page_numbers"": [1, 2]}]",897ab23ed5a70034d3d708d871ad1da8bc7b6608d94b1ca46b5d578d985d3c13;9f41ffdf37412adf838e9851fd7f6b0aa9f5514eed54724f81a69917cffebcf9,CFI 067/2025;CFI 076/2024,retrieval_rules
2d3456c0a250fcf024d746b17714f4fd288770135b954fb0d3a2a75e6c1624fe,date,"By when should public responses be submitted according to ""Consultation Paper No. 1 Hotel Operations Regulations""?",null,[],,,fallback_no_target_docs
1da6ceb1941733d8c683751bd27f66a64fdf8e68a114e0abdae8efb598ebaf9c,number,How many unique defendants were named in case SCT 333/2025?,16.0,"[{""doc_id"": ""1635b7381219c2702f25f11e876b3f6c4e99deef68b3f7d424fa32a81952dd64"", ""page_numbers"": [1, 5, 7]}]",1635b7381219c2702f25f11e876b3f6c4e99deef68b3f7d424fa32a81952dd64,SCT 333/2025,retrieval_rules
1d558bd56bd1f1571cc531457b05aa2ce1c18aaf988f9500fae2a468eac89814,number,"What is the maximum fine in USD for an Employer failing to provide information, instruction, training and supervision to Employees, in English or, if necessary, another language understood by the Employees, under DIFC Employment Law No. 2 of 2019?",3.0,"[{""doc_id"": ""7b30756e5285fdf5a2e546427d18b1af24c814a3cebadacb2cccde126ad91e19"", ""page_numbers"": [2]}, {""doc_id"": ""cf6fe826c8d98447fb2509c368437743906faf89a74ea51d02c7bfbe2565ce6d"", ""page_numbers"": [2]}, {""doc_id"": ""dc942610b9f6ef0fffc048df45958b750d18b26576894e6f994fa72d42222a95"", ""page_numbers"": [4]}]",7b30756e5285fdf5a2e546427d18b1af24c814a3cebadacb2cccde126ad91e19;cf6fe826c8d98447fb2509c368437743906faf89a74ea51d02c7bfbe2565ce6d;dc942610b9f6ef0fffc048df45958b750d18b26576894e6f994fa72d42222a95,LAW NO. 2 OF 2019,retrieval_rules
5b6f69e0371ad47a7508178bc349327515e9e5e121e4c9d2fa1e394e1e178442,number,"What is the maximum administrative fine imposed under the Data Protection Law DIFC Law No. 5 of 2020 on a Controller that fails to comply with obligations to respond to Data Subject requests for access, rectification, or erasure of Personal Data under Article 33 (in USD)?",16.0,"[{""doc_id"": ""ddd12664d0402e2b4935a0716e0b488a9a3071bf4d0a06d58478f02da7873fd4"", ""page_numbers"": [7, 18, 19]}]",91088a39fa438f1a534d28adeca7776c85dd91942f2da19b6d9f9393f1e5fbb7;ddd12664d0402e2b4935a0716e0b488a9a3071bf4d0a06d58478f02da7873fd4,LAW NO. 5 OF 2020,retrieval_rules
55e6776c2d2bcebc4df196554cd83e88beabfb5c95124f448f08ed45638971e3,date,When was the Court of Appeal document in case CA 013/2024 issued?,null,"[{""doc_id"": ""dbe11c5a8dedb41beb61f9ceb04121b49b037741af11efc934962fa1b4a5f2c2"", ""page_numbers"": [1, 2]}]",dbe11c5a8dedb41beb61f9ceb04121b49b037741af11efc934962fa1b4a5f2c2,CA 013/2024,retrieval_rules
b4dab0529598099030493208e278621748be3b59445934e8eea0b457f688ae3a,date,"By when should public responses be submitted according to ""Consultation Paper No. 4 Proposals Relating to a New Trust Law""?",null,[],,,fallback_no_target_docs
716242aec01f2a1202d6aba62099101d4d7e52005555b43122c3bff05d89d9af,number,What was the total monetary sum in AED claimed in case TCD 001/2023?,651.0,"[{""doc_id"": ""ad76dc7093851d116c8878802b815608adceed54f6b5195ae04ffec28ae25d32"", ""page_numbers"": [19, 22, 23]}]",ad76dc7093851d116c8878802b815608adceed54f6b5195ae04ffec28ae25d32;ce2f02347ea985ac8fbfef23a38cfc5bdb078b2148613aeb1853241ff6dade7a,TCD 001/2023,retrieval_rules
c2f4d2f3fa07cf233e14566a81f47068f4f534d87d03d4d57e109aff0fdf782a,boolean,Did case SCT 405/2025 get appealed to the Court of First Instance?,true,"[{""doc_id"": ""65f3f4acfcaca7fc9488e275643135ea7e1d30323e4f4c2cc04d7fc16844e373"", ""page_numbers"": [1, 2, 3]}]",65f3f4acfcaca7fc9488e275643135ea7e1d30323e4f4c2cc04d7fc16844e373,SCT 405/2025,retrieval_rules
a9614c389f25c48d7e6d8d95befcea655c323cb4c37cfe1e90f0fd81a5cb3b9d,boolean,Did cases CA 009/2024 and CFI 076/2024 have any judges in common across their entire proceedings?,true,"[{""doc_id"": ""9f41ffdf37412adf838e9851fd7f6b0aa9f5514eed54724f81a69917cffebcf9"", ""page_numbers"": [1]}, {""doc_id"": ""bd2d222ee0a636a745434cfb457321cd658db5bb32b5f0a3f5643236cc1503d8"", ""page_numbers"": [1, 3]}]",9f41ffdf37412adf838e9851fd7f6b0aa9f5514eed54724f81a69917cffebcf9;bd2d222ee0a636a745434cfb457321cd658db5bb32b5f0a3f5643236cc1503d8,CA 009/2024;CFI 076/2024,retrieval_rules
d92ad86a0b5507b098613127476f189436ef49a7ea3db12514ad3586836e685b,number,How many unique parties were defending the claim in case CFI 043/2020?,27.0,"[{""doc_id"": ""96be25a94c84742ae6b7b6e2275376c2393312c7097682f1135590d76d55e727"", ""page_numbers"": [2, 5, 9]}]",96be25a94c84742ae6b7b6e2275376c2393312c7097682f1135590d76d55e727,CFI 043/2020,retrieval_rules
af74f08b556ed7dd3f67c9e7526c1d5e599c79b3146d826d40e48b5806a14bbe,name,"Was the arbitration in case ARB 009/2023 conducted under DIFC-LCIA, ICC, ad hoc, or other rules?","""AUGUST 21, 2025 ARBITRATION - ORDERS""","[{""doc_id"": ""ec70dca8ed05590449db65f2e6cae5213af3ca12c6bf2dc176f07f460668ac9a"", ""page_numbers"": [1, 3, 5]}]",ec70dca8ed05590449db65f2e6cae5213af3ca12c6bf2dc176f07f460668ac9a,ARB 009/2023,retrieval_rules
4787cc1c82c9bf1e3498e7c011c1ed2bdb35c6486337a99c88886b5f980320e6,number,"What fine in USD applies under Insolvency Law DIFC Law No. 1 of 2019 to a person who was a Director or shadow Director of a Liquidating Company at any time in the period of twelve (12) months ending with the day before it went into insolvent Liquidation and acts as a Director or is concerned in the promotion, formation or management of a company with the same or similar name within five (5) years without leave of the Court?",41.0,"[{""doc_id"": ""520092b050dba213c387126ca1216326e6bad58ab955dbf77232270dcfe616e6"", ""page_numbers"": [39, 44, 45]}]",3db5a33386822a7c5f3c76d917786564e7a9a2d960ed0074dbd9207e49ce0cca;520092b050dba213c387126ca1216326e6bad58ab955dbf77232270dcfe616e6;a09572857a46fd7445bf0ed326b8709e0d48a80b9de727cb3e85f39b67e1ad60,LAW NO. 1 OF 2019,retrieval_rules
bb472d3ef8c3a8eab47556adcddb31639a648182529c5ff6e921648c9f2c396a,number,What is the total number of distinct claimants in case CFI 070/2018?,42.0,"[{""doc_id"": ""7ff0220f63290431bb5218982a2a9bc2c62c26679b3fe47cb29f0b305cf7bf77"", ""page_numbers"": [3, 4, 8]}]",7ff0220f63290431bb5218982a2a9bc2c62c26679b3fe47cb29f0b305cf7bf77,CFI 070/2018,retrieval_rules
2ff713deea65fee00135143ccc245cfd9cd0f4fe6e98d9d454d94d2e658c14e4,name,"Between SCT 387/2024 and SCT 452/2024, which case involved the larger sum claimed by the claimant?","""Issued by:""","[{""doc_id"": ""0a59bb9e8700bdbde4b2cd2ccb3ef6d0e80558a346cf7308f4ff2a0868b1a76c"", ""page_numbers"": [1]}, {""doc_id"": ""4cccd40fc2bd7aee0287bbff7ac8d922bb4ea4e4646c96af7c16784657d6e884"", ""page_numbers"": [1, 2]}]",0a59bb9e8700bdbde4b2cd2ccb3ef6d0e80558a346cf7308f4ff2a0868b1a76c;4cccd40fc2bd7aee0287bbff7ac8d922bb4ea4e4646c96af7c16784657d6e884,SCT 387/2024;SCT 452/2024,retrieval_rules
74ae4fe3ece78ea841d67589216e0c3cea1a32226451f8078a9f63f7d663f101,names,Who were the appellants in case CA 001/2025?,"[""Judgment"", ""September"", ""Appellants"", ""Application No"", ""April""]","[{""doc_id"": ""717dc41cb19258ad4e8901597d165f94cfc4f37074f3cf0b5d2e8f42b17e547a"", ""page_numbers"": [2, 8, 17]}]",717dc41cb19258ad4e8901597d165f94cfc4f37074f3cf0b5d2e8f42b17e547a,CA 001/2025,retrieval_rules
0d7385df8faac8388dd114bbdd0797935edfbc0124c7bf0d0a65a36f5fc0c154,boolean,Was the SCT judgment in case SCT 475/2024 subsequently appealed to the CFI?,true,"[{""doc_id"": ""78461539a8b7238c314b7dd56483e1682c5e1ce7f3cf8fc6947e22c0ac5d0d18"", ""page_numbers"": [1, 2, 4]}]",78461539a8b7238c314b7dd56483e1682c5e1ce7f3cf8fc6947e22c0ac5d0d18,SCT 475/2024,retrieval_rules
1d12e261ed094e2e563e76060e60bc6f9f436025b20592722655b52940d84577,date,What is the Date of Issue of the appellate document in case CA 016/2024?,"""2025-06-16""",[],7762b20eeb3ca0cb3dd62a4b079bf01d6b5e7f8707d7be77ad9c6ff1e230aabe,CA 016/2024,docs_list_rules
2ed837479df307ff0affdb7d50bf6759c16ae91968a0c96e3f33d047e21b109e,name,"In the Payment System Settlement Finality Law 2009, what is the term for the person to whom notices relating to a designation must be given?",null,[],,,fallback_no_target_docs
b03c6e78f83f3074fec2193aa49b632163b8628daa1b5e6725cfce7a8e055d6c,boolean,Identify whether any person or company is a main party to both CFI 041/2021 and SCT 042/2025 at any point.,true,"[{""doc_id"": ""2a2461886df041f237b8f2791c68315070c99f91a719f7d375c3ecdbae72a439"", ""page_numbers"": [1, 3]}, {""doc_id"": ""4e30baac0c5eb8273894d8f7e17d4066356c92eb15eedcc802abf45cf942da43"", ""page_numbers"": [3]}]",2a2461886df041f237b8f2791c68315070c99f91a719f7d375c3ecdbae72a439;4e30baac0c5eb8273894d8f7e17d4066356c92eb15eedcc802abf45cf942da43,CFI 041/2021;SCT 042/2025,retrieval_rules
b41a53211d137ba080ffc9d240bde70afd29fe9785d68e95876cba2e7c038d61,number,Which DIFC law number is referred to in the document about Payment System Settlement Finality Law?,null,[],,,fallback_no_target_docs
7e4be4cf7e556ae4e213ae1d0d504af4c429599f61297c685ab0fc82028bbc65,boolean,Is there any main party common to both case CFI 069/2024 and case TCD 001/2024 at any point?,null,"[{""doc_id"": ""0428cdda3cb116062c96885d16d8bb023f6a4a089d40f8129e0253e4fb165d9d"", ""page_numbers"": [1]}, {""doc_id"": ""5cf25531f59a1746d3af4ea82e857ddc0bc5e5c81d6063162d0c4100635dc701"", ""page_numbers"": [1]}, {""doc_id"": ""5f6df5146387225c1ae9a7450d42776dc22bff56702226837c600cb313770cd1"", ""page_numbers"": [3]}]",0428cdda3cb116062c96885d16d8bb023f6a4a089d40f8129e0253e4fb165d9d;0471e83c1ea18086cfb6b3ff51da6f22b0efee337f10315b2593f782297ccb84;44a42ad36d29f1032b87c08e5ef0ceedd87249842dc795122a26d0797b65a361;4d915373c993c3bd136c295927be2a071e4a790faa100d0f14fc690a486b4f3c;5cf25531f59a1746d3af4ea82e857ddc0bc5e5c81d6063162d0c4100635dc701;5f6df5146387225c1ae9a7450d42776dc22bff56702226837c600cb313770cd1;62930da32fa3172edf2f2bbf3da268455bd99a7b5fab34d72358730d8cd5da30;c98c1475692bc22f4abab6a7a7d7969467c94e46a7e68919aaf127179ebf3f54;ecb090f111a0abf41a184cc877a06f8bb1d6d40bf92f9aa41f90589394ceb438,CFI 069/2024;TCD 001/2024,retrieval_rules
15eca7d5e170857c76cdc4152cc83676e0964f628673dcc46f9f284af3dedaac,names,Which party opposed recognition of the arbitral award in case ARB 024/2025?,"[""Olympio"", ""Olwin"", ""Claim No"", ""Claimant"", ""Defendant""]","[{""doc_id"": ""55fa145c3f08b4ca22bba9263dbcdb3ec4f9d9c762c73ae20e8e6f8019c010f7"", ""page_numbers"": [1, 2, 3]}]",55fa145c3f08b4ca22bba9263dbcdb3ec4f9d9c762c73ae20e8e6f8019c010f7,ARB 024/2025,retrieval_rules
421a22dbd5868521e6549cca64b54f45a4732a806e0db7650b94a260bef56081,boolean,Is there any main party that appeared in both cases ARB 034/2025 and CFI 076/2024 at any point?,true,"[{""doc_id"": ""58eae81bf668e7f6c58619f419a49b5e35e2e5c9c7475475ace28ec562580545"", ""page_numbers"": [1, 3]}, {""doc_id"": ""9f41ffdf37412adf838e9851fd7f6b0aa9f5514eed54724f81a69917cffebcf9"", ""page_numbers"": [1]}]",58eae81bf668e7f6c58619f419a49b5e35e2e5c9c7475475ace28ec562580545;9f41ffdf37412adf838e9851fd7f6b0aa9f5514eed54724f81a69917cffebcf9,ARB 034/2025;CFI 076/2024,retrieval_rules
f0f2a5111529f42a194890c7e331e0ba778e8528a7d817f87eb90de589cf815b,boolean,Is there evidence that a final trial took place in case CFI 010/2024?,null,"[{""doc_id"": ""443e04bc1a78940b3fcd5438d24b6c5f182a276d354a3108e738b193675de032"", ""page_numbers"": [1, 2, 3]}]",443e04bc1a78940b3fcd5438d24b6c5f182a276d354a3108e738b193675de032,CFI 010/2024,retrieval_rules
49ac14a6ff169232aea8b13d4167dc131b78bdfb95d584e8fea4a2c90533f230,date,When did the FINANCIAL COLLATERAL REGULATIONS come into force?,null,[],,,fallback_no_target_docs
ed909a4aeb3169ff8c9ad0d049009daf461c6ff8b57f244b45c10d6d059b9009,boolean,Was the SCT judgment in case SCT 011/2025 subsequently appealed to the CFI?,null,"[{""doc_id"": ""00427a0402e71479e78abd615764eba7f3874352663aa227caeca830a3cbf6b4"", ""page_numbers"": [1, 2, 3]}]",00427a0402e71479e78abd615764eba7f3874352663aa227caeca830a3cbf6b4,SCT 011/2025,retrieval_rules
094a2d737b639d147595f5d9a6661cadeb15009c30bdf7d43ce9760bdfc2bf6d,names,Who was the respondent in the arbitration recognition case ARB 034/2025?,"[""Ohtli"", ""Onora"", ""Claim No"", ""Claimant"", ""Defendant""]","[{""doc_id"": ""58eae81bf668e7f6c58619f419a49b5e35e2e5c9c7475475ace28ec562580545"", ""page_numbers"": [1, 3, 4]}]",58eae81bf668e7f6c58619f419a49b5e35e2e5c9c7475475ace28ec562580545,ARB 034/2025,retrieval_rules
3b237899351b630126891412318509af8133f0e99a9fc2995aae5db5119e7702,boolean,Is there a judge who presided over both case CFI 041/2021 and case TCD 003/2019?,true,"[{""doc_id"": ""2a2461886df041f237b8f2791c68315070c99f91a719f7d375c3ecdbae72a439"", ""page_numbers"": [1]}, {""doc_id"": ""34ce0548d06c348a6dfa9d580f46f105df37fe1bbfe81fa1f4e7b78f0bed05b6"", ""page_numbers"": [1]}, {""doc_id"": ""f954e46dee6f53601314dfe02e0c28c323ba4f050449b79f2de1b756564d808c"", ""page_numbers"": [1]}]",2a2461886df041f237b8f2791c68315070c99f91a719f7d375c3ecdbae72a439;34ce0548d06c348a6dfa9d580f46f105df37fe1bbfe81fa1f4e7b78f0bed05b6;61ff6aa4d64eabff443255c427b693a857c8bf93c73aa535d990a766c36db890;f954e46dee6f53601314dfe02e0c28c323ba4f050449b79f2de1b756564d808c,CFI 041/2021;TCD 003/2019,retrieval_rules
bfb74c144eccef4073df482acf97ade41cae29e985b3b8e64e582262967cf5ec,boolean,Did case CFI 070/2018 proceed to a full trial?,true,"[{""doc_id"": ""7ff0220f63290431bb5218982a2a9bc2c62c26679b3fe47cb29f0b305cf7bf77"", ""page_numbers"": [1, 2, 3]}]",7ff0220f63290431bb5218982a2a9bc2c62c26679b3fe47cb29f0b305cf7bf77,CFI 070/2018,retrieval_rules
f35b5e5e0766d43aa7700b2dbca4f07110747ca7c4dc5e832b53aeed325b2a98,boolean,Is there a judge who presided over both case TCD 003/2019 and case TCD 003/2022?,true,"[{""doc_id"": ""34ce0548d06c348a6dfa9d580f46f105df37fe1bbfe81fa1f4e7b78f0bed05b6"", ""page_numbers"": [1]}, {""doc_id"": ""b9fdb42c55d635bd14ae3074bc1ee15f7fcafc647b4d839da882598c05bde6f4"", ""page_numbers"": [1]}, {""doc_id"": ""f954e46dee6f53601314dfe02e0c28c323ba4f050449b79f2de1b756564d808c"", ""page_numbers"": [1]}]",34ce0548d06c348a6dfa9d580f46f105df37fe1bbfe81fa1f4e7b78f0bed05b6;61ff6aa4d64eabff443255c427b693a857c8bf93c73aa535d990a766c36db890;b9fdb42c55d635bd14ae3074bc1ee15f7fcafc647b4d839da882598c05bde6f4;f954e46dee6f53601314dfe02e0c28c323ba4f050449b79f2de1b756564d808c,TCD 003/2019;TCD 003/2022,retrieval_rules
4514412bdbbde1ef392d2d301d5e74e71cca55c87b99d1740bbcc3dac9f2cf29,name,Identify the case with the higher monetary claim: SCT 365/2024 or SCT 485/2024?,"""Interest, Costs and other relief""","[{""doc_id"": ""37f14b6d6d2a99ea50a8cbe6221c0bef5a0b75a65e270e9b1144b6c2acdb2f57"", ""page_numbers"": [1, 2, 10]}]",37f14b6d6d2a99ea50a8cbe6221c0bef5a0b75a65e270e9b1144b6c2acdb2f57;df1355930bf24acf13f161965f6f413db2877773a500f4d5a804a1e3f951166e,SCT 365/2024;SCT 485/2024,retrieval_rules
58a8b24041f61473d4aaf05221b75ef451c785fb7d3a8697ce90d3a9b5d2e98f,number,What amount was awarded in the arbitration underlying case ARB 027/2024?,27.0,"[{""doc_id"": ""8983927b2f648fff22bb3829dec54fee521a081ae4967b9956d57ba89464b6e3"", ""page_numbers"": [1]}, {""doc_id"": ""912b9d008dbc9a39adf9574e5a49274a18eb58ab7a702cabcd52858ea48a8046"", ""page_numbers"": [1]}, {""doc_id"": ""eb21473f54ab4648cd26afdc1c99381ac25b2307b870832b36f61eb7dcef2528"", ""page_numbers"": [1]}]",8983927b2f648fff22bb3829dec54fee521a081ae4967b9956d57ba89464b6e3;912b9d008dbc9a39adf9574e5a49274a18eb58ab7a702cabcd52858ea48a8046;eb21473f54ab4648cd26afdc1c99381ac25b2307b870832b36f61eb7dcef2528,ARB 027/2024,retrieval_rules
ff37cc0bdae9ed7fec411018435c2a2e098595a6a4a718150cc51544cdaa8b09,date,"Under the Federal Law No. 8 of 2004, what is the enactment date of the Regarding The Financial Free Zones?",null,"[{""doc_id"": ""a47f5fc4894a7b82774a070653d6efba606d4f2815ff1d77b714c482cd2e1e42"", ""page_numbers"": [1, 4, 5]}]",a47f5fc4894a7b82774a070653d6efba606d4f2815ff1d77b714c482cd2e1e42,LAW NO. 8 OF 2004,retrieval_rules
97b8b85e835ea23be535da1e9f5b102d49adeed2cf6e78d0ec0a2d57d6ea8ad6,date,"By when should public responses be submitted according to ""Consultation Paper No. 2: Proposal relating to the Amendment of the Prescribed Company Regulations""?",null,[],,,fallback_no_target_docs
25d4d5358e4e321c191a1dccd5fbbaba1e18c3effa9935c016260db8cc07ebac,boolean,Was the same judge involved at any point in both case CFI 035/2025 and case CFI 067/2025?,true,"[{""doc_id"": ""897ab23ed5a70034d3d708d871ad1da8bc7b6608d94b1ca46b5d578d985d3c13"", ""page_numbers"": [1]}, {""doc_id"": ""f8d3778ec2891efd616f8f34595cb80a61d49cde1e9bef7e857718c6337397fe"", ""page_numbers"": [1, 5]}]",897ab23ed5a70034d3d708d871ad1da8bc7b6608d94b1ca46b5d578d985d3c13;f8d3778ec2891efd616f8f34595cb80a61d49cde1e9bef7e857718c6337397fe,CFI 035/2025;CFI 067/2025,retrieval_rules
088719a14ff60a2268db9fb4527d4054e6a8adaf272aa8b2339ebc196ec76133,boolean,Is case ENF 084/2023 ENF 085/2023 related to the arbitration award in case ARB 032/2025?,true,"[{""doc_id"": ""265968877f0f4ffa5838a08335ca9d807f2329e83e8ce5088b85fd5e11941746"", ""page_numbers"": [1, 11]}, {""doc_id"": ""9e5724b81e8f9b5a5f0c8bbc9e9255959be1a86bd53ce817c9d6a02a23475d0c"", ""page_numbers"": [1]}]",18d5d0320cded1a097fa66202ff2a80dd38e6ab818dfefffea614cd389632dad;265968877f0f4ffa5838a08335ca9d807f2329e83e8ce5088b85fd5e11941746;9e5724b81e8f9b5a5f0c8bbc9e9255959be1a86bd53ce817c9d6a02a23475d0c,ARB 032/2025;ENF 084/2023;ENF 085/2023,retrieval_rules
a2e0aee40b2e7ca7aead0d6a65503a18d473c786e84484401b05d6aa0d867f23,boolean,Did cases CA 006/2024 and CFI 043/2020 have any judges in common across their entire proceedings?,true,"[{""doc_id"": ""4153eef0383716968a41846200fa8bb135726cb45d32787053699c805c427ec9"", ""page_numbers"": [8]}, {""doc_id"": ""96be25a94c84742ae6b7b6e2275376c2393312c7097682f1135590d76d55e727"", ""page_numbers"": [1, 2]}]",4153eef0383716968a41846200fa8bb135726cb45d32787053699c805c427ec9;96be25a94c84742ae6b7b6e2275376c2393312c7097682f1135590d76d55e727,CA 006/2024;CFI 043/2020,retrieval_rules
79d450b2863a28b66ccfd17d8dd23783b002b2d311d661329b783a9c14c6bec7,boolean,"Based on all documents in case SCT 256/2024 and case SCT 415/2024, identify whether any person or company is a main party to both.",true,"[{""doc_id"": ""6c3c49e1a35a1e3577a0412f97b6e3d91cae11d24430c7390d7865c992b1a515"", ""page_numbers"": [3, 4]}, {""doc_id"": ""e9a32d22eb9bac59756c1fe25e6d5ffd09d75582efcbe191fe8f078145cc08a5"", ""page_numbers"": [1]}]",6c3c49e1a35a1e3577a0412f97b6e3d91cae11d24430c7390d7865c992b1a515;e9a32d22eb9bac59756c1fe25e6d5ffd09d75582efcbe191fe8f078145cc08a5,SCT 256/2024;SCT 415/2024,retrieval_rules
fa663084f09fbbc0b875c67d87b28967cf2973e5a31d90a5dd737934daec93ba,number,"What fee in USD applies under Securities Regulations 2019 to an Information Request (Form 7) selecting the 'ALL' option for a search response that is complete, including filings that have lapsed?",null,[],,,fallback_no_target_docs
f4e0781b0c65e68abda9e8171dc7a5fd8df7acc6b44a40028a5f59db54a49476,boolean,Was the same judge involved at any point in both case ENF-022-2023 and case TCD 003/2019?,true,"[{""doc_id"": ""34ce0548d06c348a6dfa9d580f46f105df37fe1bbfe81fa1f4e7b78f0bed05b6"", ""page_numbers"": [1]}, {""doc_id"": ""61ff6aa4d64eabff443255c427b693a857c8bf93c73aa535d990a766c36db890"", ""page_numbers"": [2]}, {""doc_id"": ""f954e46dee6f53601314dfe02e0c28c323ba4f050449b79f2de1b756564d808c"", ""page_numbers"": [1]}]",34ce0548d06c348a6dfa9d580f46f105df37fe1bbfe81fa1f4e7b78f0bed05b6;61ff6aa4d64eabff443255c427b693a857c8bf93c73aa535d990a766c36db890;f954e46dee6f53601314dfe02e0c28c323ba4f050449b79f2de1b756564d808c,TCD 003/2019,retrieval_rules
366185651c1b9189b9543275844190f086d91d2489f45be4aa3cdadfb8d00102,boolean,Is case ENF 053/2025 related to the arbitration award in case ARB 032/2025?,true,"[{""doc_id"": ""265968877f0f4ffa5838a08335ca9d807f2329e83e8ce5088b85fd5e11941746"", ""page_numbers"": [1, 11]}, {""doc_id"": ""9e5724b81e8f9b5a5f0c8bbc9e9255959be1a86bd53ce817c9d6a02a23475d0c"", ""page_numbers"": [1]}]",265968877f0f4ffa5838a08335ca9d807f2329e83e8ce5088b85fd5e11941746;43b9033ec25f016635f416e4b49558f5bc29f6c55bbd72bea1d1d840b170a371;9e5724b81e8f9b5a5f0c8bbc9e9255959be1a86bd53ce817c9d6a02a23475d0c;c66b8374d326d16ec5ff48195825798c3ba696c787ad8a59c23a7a2908f34a0d,ARB 032/2025;ENF 053/2025,retrieval_rules
5207f0dbe8c000bcd0d024ddb4aefe1c0d99b92a8ee780f11a2c32d3748f135e,boolean,Identify whether any person or company is a main party to both CFI 058/2024 and SCT 405/2025 at any point.,true,"[{""doc_id"": ""51d4b9c700ef128624b2b79f6caaf68f2cb879fce9e5329aefce57439322a162"", ""page_numbers"": [1, 3]}, {""doc_id"": ""65f3f4acfcaca7fc9488e275643135ea7e1d30323e4f4c2cc04d7fc16844e373"", ""page_numbers"": [2]}]",51d4b9c700ef128624b2b79f6caaf68f2cb879fce9e5329aefce57439322a162;65f3f4acfcaca7fc9488e275643135ea7e1d30323e4f4c2cc04d7fc16844e373,CFI 058/2024;SCT 405/2025,retrieval_rules
06034335eee6dbe0df799fd5ce57e8f311ac8ad693dbeeb8dad4edaa9edb53eb,name,"Under Article 15(1) of the Strata Title Law DIFC Law No. 5 of 2007, what entity holds ownership of the Common Property in trust for the Owners in the Strata Scheme?","""STRATA TITLE REGULATIONS""","[{""doc_id"": ""b486db089615010a9b45bc71411b5a238a0a0b9aaf074d875f98f5b934f75079"", ""page_numbers"": [1, 2, 3]}]",b486db089615010a9b45bc71411b5a238a0a0b9aaf074d875f98f5b934f75079,LAW NO. 5 OF 2007,retrieval_rules
97c2c392aab4289a576fe7d978bf474e74d5a795512f73e8e9fb432182a320b3,number,How many unique parties initiated the proceedings in case SCT 387/2024?,2.0,"[{""doc_id"": ""4cccd40fc2bd7aee0287bbff7ac8d922bb4ea4e4646c96af7c16784657d6e884"", ""page_numbers"": [1, 2, 3]}]",4cccd40fc2bd7aee0287bbff7ac8d922bb4ea4e4646c96af7c16784657d6e884,SCT 387/2024,retrieval_rules
bed60019aab58358ff4923bad18b9466dad0821316eea7fb515c0df6c8eccf3d,names,Who resisted the recognition application in case ARB 009/2023?,"[""Mirifa"", ""Mahur"", ""Meison"", ""Mepur"", ""Claim No""]","[{""doc_id"": ""ec70dca8ed05590449db65f2e6cae5213af3ca12c6bf2dc176f07f460668ac9a"", ""page_numbers"": [1, 2, 3]}]",ec70dca8ed05590449db65f2e6cae5213af3ca12c6bf2dc176f07f460668ac9a,ARB 009/2023,retrieval_rules
66e2355bf4b1b6c578607ccb6355d4760f3eb8d05a10b95475ad52104399ebb9,number,What is the total number of distinct claimants in case SCT 160/2025?,30.0,"[{""doc_id"": ""e4741149b9a44c7cd24286313a2c89e92923b8e99786d4b02107f093aa8293c2"", ""page_numbers"": [1, 3, 6]}]",e4741149b9a44c7cd24286313a2c89e92923b8e99786d4b02107f093aa8293c2,SCT 160/2025,retrieval_rules
b9f469a887a9c76c821f696f7b758837faf7a31aab78e55e10a7fb1ba112db40,boolean,Is there evidence that a final trial took place in case CFI 081/2023?,null,"[{""doc_id"": ""dda8c7ff4dc7629de6c05fa9aeb88e6fb54d5d856af69f54d85ea46eebbf7ee7"", ""page_numbers"": [1, 2, 3]}]",dda8c7ff4dc7629de6c05fa9aeb88e6fb54d5d856af69f54d85ea46eebbf7ee7,CFI 081/2023,retrieval_rules
83960f616021c74ce00a6d2dd8e0d9a84d6b75985ff44c45b535c481946331ab,date,"When did the DIFC law titled ""LIMITED LIABILITY PARTNERSHIP REGULATIONS"" come into force?",null,[],,,fallback_no_target_docs
6353311150685dea77426c491990551130ee708d3da093da3028274d5794906a,names,Who were the defendants in the proceedings for case CFI 081/2023?,"[""Michael George Forbes"", ""Robert Kidd"", ""Claim No"", ""Claimant"", ""Defendant""]","[{""doc_id"": ""dda8c7ff4dc7629de6c05fa9aeb88e6fb54d5d856af69f54d85ea46eebbf7ee7"", ""page_numbers"": [1, 2, 3]}]",dda8c7ff4dc7629de6c05fa9aeb88e6fb54d5d856af69f54d85ea46eebbf7ee7,CFI 081/2023,retrieval_rules
82673215b9bd3b94b8add6758e5214007e781384393f5cf3c08f197323a5df12,boolean,"Based on all documents in case CFI 057/2025 and case SCT 256/2024, identify whether any person or company is a main party to both.",true,"[{""doc_id"": ""1b446e196b4d1752241c8ff689a31ea705e98ad0c16b9d343c303664f72b64a1"", ""page_numbers"": [1, 3]}, {""doc_id"": ""6c3c49e1a35a1e3577a0412f97b6e3d91cae11d24430c7390d7865c992b1a515"", ""page_numbers"": [4]}]",1b446e196b4d1752241c8ff689a31ea705e98ad0c16b9d343c303664f72b64a1;6c3c49e1a35a1e3577a0412f97b6e3d91cae11d24430c7390d7865c992b1a515,CFI 057/2025;SCT 256/2024,retrieval_rules
502374e2ac15fddadbc1cae41e644645ff00b531c26412c575db5d2582b36b3d,date,What is the Date of Issue of the document in SCT case SCT 459/2024?,"""2025-06-23""",[],ea81bf0f8c1d423dd61e6d2901ca7872209185eb8e25e05a672148a9fb3e635e,SCT 459/2024,docs_list_rules
3ea7dcac0f9121a1d656c10088ab385c91186fbe1b10520bfc721bd3ea9d50dc,number,What sum in AED was the subject of the enforcement proceedings in case ENF 221/2019?,221.0,"[{""doc_id"": ""a0202a8e076cefa41fb711adb39e9e800bd45f2681ee45a787497a6ffec95eeb"", ""page_numbers"": [1]}, {""doc_id"": ""a5e5dcb254049c618d0e0a8cb0e07b4d5ae594c286c54285267254a8b9066309"", ""page_numbers"": [1]}, {""doc_id"": ""fb2d4e5fc4064d466bff512927912ba042780e3aa4374a7ff4c86236421e4fcf"", ""page_numbers"": [1]}]",a0202a8e076cefa41fb711adb39e9e800bd45f2681ee45a787497a6ffec95eeb;a5e5dcb254049c618d0e0a8cb0e07b4d5ae594c286c54285267254a8b9066309;fb2d4e5fc4064d466bff512927912ba042780e3aa4374a7ff4c86236421e4fcf,ENF 221/2019,retrieval_rules
9bea2925076971aecdf7337c65c216a06714c2c469bdf658f8cc7cd6d95a2784,date,"What is the consultation deadline stated in ""DFSA Operating Regulations (OR)""?",null,[],,,fallback_no_target_docs
b394eab72bae7c7ee64aef85227f95759288d9fbc7210437ee677853e121020f,names,Who opposed the appeal in case CA 006/2024?,"[""The Court"", ""Order"", ""Primary Judge"", ""The Appellant"", ""Respondent""]","[{""doc_id"": ""4153eef0383716968a41846200fa8bb135726cb45d32787053699c805c427ec9"", ""page_numbers"": [3, 5, 8]}]",4153eef0383716968a41846200fa8bb135726cb45d32787053699c805c427ec9,CA 006/2024,retrieval_rules
44796f58158e5e229bc11431f604872b7c97d22fdb388240654bf2cf5cc2acdd,boolean,Is there a judge who presided over both case CFI 057/2025 and case CFI 092/2024?,true,"[{""doc_id"": ""1b446e196b4d1752241c8ff689a31ea705e98ad0c16b9d343c303664f72b64a1"", ""page_numbers"": [1]}, {""doc_id"": ""d32e76d495ac7d855d805fb71682b98d254520e3799aa4529ebc983212648335"", ""page_numbers"": [1, 4]}]",1b446e196b4d1752241c8ff689a31ea705e98ad0c16b9d343c303664f72b64a1;d32e76d495ac7d855d805fb71682b98d254520e3799aa4529ebc983212648335,CFI 057/2025;CFI 092/2024,retrieval_rules
b3587f440a51f7b06e319deeec0f8f31009c244d0e7cd9ce342087cb3f6b2c97,number,What is the total number of distinct claimants in case CFI 067/2025?,67.0,"[{""doc_id"": ""897ab23ed5a70034d3d708d871ad1da8bc7b6608d94b1ca46b5d578d985d3c13"", ""page_numbers"": [1, 2]}]",897ab23ed5a70034d3d708d871ad1da8bc7b6608d94b1ca46b5d578d985d3c13,CFI 067/2025,retrieval_rules
13572aa1db9ad9bd934dd0f17f12185b6fb1569373a6cab2b7d9940fb94265b5,number,How many unique defendants were named in case CFI 010/2024?,10.0,"[{""doc_id"": ""443e04bc1a78940b3fcd5438d24b6c5f182a276d354a3108e738b193675de032"", ""page_numbers"": [1, 2, 3]}]",443e04bc1a78940b3fcd5438d24b6c5f182a276d354a3108e738b193675de032,CFI 010/2024,retrieval_rules
1f33434360465f26a054889c45e44adc4446d8f64c20be9c759ed9f73cc4cbe5,name,Which case had a higher claim amount: CFI 016/2025 or CFI 106/2025?,"""CFI 016/2025 Omar Ben Hallam v Natixis""","[{""doc_id"": ""6248961b681ea0deb189f354be0c8286f35974dcdb211c13c921c3dd0e566a6e"", ""page_numbers"": [1, 3, 6]}]",6248961b681ea0deb189f354be0c8286f35974dcdb211c13c921c3dd0e566a6e;7a288e5ccc9cf410418f9786f72eaf82becf52c4070446a61bc9eecee004601f,CFI 016/2025;CFI 106/2025,retrieval_rules
3b687a56d0fd0450808ae79f879a1e362ec3e91b1cd96e690e9c7cdd50d98c47,boolean,Review the full case files for SCT 133/2025 and TCD 009/2020 — is there any main party common to both?,true,"[{""doc_id"": ""44eada8b59109a9786d26b923013ae3674be81e37fc9d5a10c5d2e46f04068f7"", ""page_numbers"": [2, 3]}, {""doc_id"": ""72c68112558f90a3cd53e49048eec495bf31bdc1846e41cc7f967f55bd10a188"", ""page_numbers"": [1]}]",44eada8b59109a9786d26b923013ae3674be81e37fc9d5a10c5d2e46f04068f7;72c68112558f90a3cd53e49048eec495bf31bdc1846e41cc7f967f55bd10a188,SCT 133/2025;TCD 009/2020,retrieval_rules
90133fa1e9934743554e3446d80bba0867c032c970e732d84a2991c68e2abbac,names,Identify all claimants for the legal proceedings in case SCT 256/2024.,"[""For"", ""Courts"", ""Article"", ""The Claimant"", ""Defendant""]","[{""doc_id"": ""6c3c49e1a35a1e3577a0412f97b6e3d91cae11d24430c7390d7865c992b1a515"", ""page_numbers"": [2, 3, 4]}]",6c3c49e1a35a1e3577a0412f97b6e3d91cae11d24430c7390d7865c992b1a515,SCT 256/2024,retrieval_rules
104ebc964fcda90e645cfbd2ed577e8c8c7381929d615baca7f9c56e0fe4e292,boolean,Is there any main party that appeared in both cases CFI 106/2025 and SCT 514/2025 at any point?,true,"[{""doc_id"": ""7a288e5ccc9cf410418f9786f72eaf82becf52c4070446a61bc9eecee004601f"", ""page_numbers"": [2, 4, 9]}]",6306079a16b1dec85690f75c715cdbd78b0685a3e19ee30250d481bc32f2e29a;7a288e5ccc9cf410418f9786f72eaf82becf52c4070446a61bc9eecee004601f,CFI 106/2025;SCT 514/2025,retrieval_rules
15fa7f8296619d534d6a43331c25ceba81e040a123bcc933daee0985765105ae,name,Which case had a higher claim amount: TCD 002/2024 or TCD 003/2022?,"""Buhaira National Insurance Company""","[{""doc_id"": ""44927ba58d3565f435c12443d5fc44454516ee3d35512f788d52dfbdb4f5a14c"", ""page_numbers"": [1]}, {""doc_id"": ""8f1c1c6cba057742bbf55b26b0867a94ffe676eeedd4d1b9a795fa347001715a"", ""page_numbers"": [1]}, {""doc_id"": ""b9cde965ff214511b3517622bb7c5d5d47f6d229ca3be5d3f126f90ba113499c"", ""page_numbers"": [1]}]",11dd07e610124e86d7c0d1259b13be4806ed0fd060ff02acbe1fc0ab6e393f9a;44927ba58d3565f435c12443d5fc44454516ee3d35512f788d52dfbdb4f5a14c;8f1c1c6cba057742bbf55b26b0867a94ffe676eeedd4d1b9a795fa347001715a;b9cde965ff214511b3517622bb7c5d5d47f6d229ca3be5d3f126f90ba113499c;b9fdb42c55d635bd14ae3074bc1ee15f7fcafc647b4d839da882598c05bde6f4,TCD 002/2024;TCD 003/2022,retrieval_rules
a28055f7d73c8989c2c8015e6183f6a7609718b1e6757323b84987d2b735eaa5,boolean,Were there any changes to the judges presiding over case TCD 001/2023 across its various stages?,true,"[{""doc_id"": ""ce2f02347ea985ac8fbfef23a38cfc5bdb078b2148613aeb1853241ff6dade7a"", ""page_numbers"": [1, 3, 5]}]",ad76dc7093851d116c8878802b815608adceed54f6b5195ae04ffec28ae25d32;ce2f02347ea985ac8fbfef23a38cfc5bdb078b2148613aeb1853241ff6dade7a,TCD 001/2023,retrieval_rules
531ab0e32fe78dd206ec52ac86aa95d0d98fdb4aa5825ec207883af76793922d,number,"What is the official number of the DIFC law titled ""ARBITRATION LAW""?",null,[],,,fallback_no_target_docs
fa214eb6619e91118ead3fd63c27e7e506f292916db705ed09e37845036f4554,number,What is the total number of distinct claimants in case SCT 454/2024?,13.0,"[{""doc_id"": ""f4c4d051d514270964adcf58e124569e396602340b7d9172671759de10a95897"", ""page_numbers"": [1, 2, 4]}]",f4c4d051d514270964adcf58e124569e396602340b7d9172671759de10a95897,SCT 454/2024,retrieval_rules
99d0d93177513786fb0a2f0d17692830858074a7c2692311f605e44606243e1e,number,What fine in USD applies under Non Profit Incorporated Organisations Law DIFC Law No. 6 of 2012 to an Incorporated Organisation that fails to preserve its Accounting Records for at least ten (10) years from the date to which they relate?,null,[],,LAW NO. 6 OF 2012,fallback_no_target_docs
7b49b3faa288d6de781e633bd848319843e4181bcf7a1f0df42005d2de659640,boolean,Is there any main party that appeared in both cases CFI 081/2023 and SCT 415/2024 at any point?,true,"[{""doc_id"": ""dda8c7ff4dc7629de6c05fa9aeb88e6fb54d5d856af69f54d85ea46eebbf7ee7"", ""page_numbers"": [1]}, {""doc_id"": ""e9a32d22eb9bac59756c1fe25e6d5ffd09d75582efcbe191fe8f078145cc08a5"", ""page_numbers"": [1, 2]}]",dda8c7ff4dc7629de6c05fa9aeb88e6fb54d5d856af69f54d85ea46eebbf7ee7;e9a32d22eb9bac59756c1fe25e6d5ffd09d75582efcbe191fe8f078145cc08a5,CFI 081/2023;SCT 415/2024,retrieval_rules
7b2a758e1cf397922102a07636d9e4721c755af2f15773389b305e132c1bb466,number,How much money in AED did the claimant request in case TCD 001/2023?,22.0,"[{""doc_id"": ""ad76dc7093851d116c8878802b815608adceed54f6b5195ae04ffec28ae25d32"", ""page_numbers"": [2, 19, 22]}]",ad76dc7093851d116c8878802b815608adceed54f6b5195ae04ffec28ae25d32;ce2f02347ea985ac8fbfef23a38cfc5bdb078b2148613aeb1853241ff6dade7a,TCD 001/2023,retrieval_rules
860c44c716f4243e1db203f5a0433813245daf336355b1523170cf1da2d428e3,boolean,"Under Article 11(1) of the Limited Partnership Law 2006, can a person be both a General Partner and a Limited Partner simultaneously in the same Limited Partnership?",null,[],,,fallback_no_target_docs
d9eef61b7733bb9f9352f6f89fedb96de2ac1216cab5259e33fca3e0bcf695b5,number,How many unique parties initiated the proceedings in case SCT 514/2025?,7.0,"[{""doc_id"": ""6306079a16b1dec85690f75c715cdbd78b0685a3e19ee30250d481bc32f2e29a"", ""page_numbers"": [1, 4, 6]}]",6306079a16b1dec85690f75c715cdbd78b0685a3e19ee30250d481bc32f2e29a,SCT 514/2025,retrieval_rules
2c19aabdd140c890613e06a3b4f764198bbc1f39e3e4c13a27535cbe2f85aa49,boolean,Was the SCT judgment in case SCT 454/2024 subsequently appealed to the CFI?,true,"[{""doc_id"": ""f4c4d051d514270964adcf58e124569e396602340b7d9172671759de10a95897"", ""page_numbers"": [2, 3, 4]}]",f4c4d051d514270964adcf58e124569e396602340b7d9172671759de10a95897,SCT 454/2024,retrieval_rules
e2087f3eac2290be2924b5d365ee0dcb0b1f026084cd37453232b365d5fb3635,name,Which DIFC law was enacted more recently: General Partnership Regulations or Dubai International Financial Centre Courts?,null,[],,,fallback_no_target_docs
f5b9ef5197332ab0662a0ade3b0ae7f0fa7602c7cd4686b67fe207ec6f68924d,date,On what date did the DIFC court issue its enforcement document in case ENF-022-2023?,null,[],,,fallback_no_target_docs
0054221069567dd1a2b0ebb97370cf27dcf5abc206c139bb177cf3bdac60afe7,boolean,Is the enforcement proceeding ENF 221/2019 based on the arbitral award from ARB 032/2025?,true,"[{""doc_id"": ""265968877f0f4ffa5838a08335ca9d807f2329e83e8ce5088b85fd5e11941746"", ""page_numbers"": [11]}, {""doc_id"": ""a0202a8e076cefa41fb711adb39e9e800bd45f2681ee45a787497a6ffec95eeb"", ""page_numbers"": [1]}, {""doc_id"": ""fb2d4e5fc4064d466bff512927912ba042780e3aa4374a7ff4c86236421e4fcf"", ""page_numbers"": [1]}]",265968877f0f4ffa5838a08335ca9d807f2329e83e8ce5088b85fd5e11941746;9e5724b81e8f9b5a5f0c8bbc9e9255959be1a86bd53ce817c9d6a02a23475d0c;a0202a8e076cefa41fb711adb39e9e800bd45f2681ee45a787497a6ffec95eeb;a5e5dcb254049c618d0e0a8cb0e07b4d5ae594c286c54285267254a8b9066309;fb2d4e5fc4064d466bff512927912ba042780e3aa4374a7ff4c86236421e4fcf,ARB 032/2025;ENF 221/2019,retrieval_rules
5185156d5caeea76bfe67fa1da099b3d5c0a921fc68463588a14b5e38def8099,date,When did the DIFC Insolvency (Insurers) Regulations (IIR) come into force?,null,[],,,fallback_no_target_docs
4caa4d8e567057d23ec775b4ed33fcf32315c78a4551d70c3cbbdb82cc5e7376,number,What fee applies under Employment Law to an Employer applying for exemption from the requirements regarding an oversight function with similar powers to a Supervisory Body by demonstrating such a function?,null,[],,,fallback_no_target_docs
bc05a8d8d1d1665c3b0d5bb034061227501fe5f929bf8472fb4f5a89e27b97b1,boolean,Is there a judge who presided over both case CFI 022/2025 and case CFI 084/2024?,true,"[{""doc_id"": ""1fbae05f38185db6113ecb323f836cd8c5d188037921f5c5c5b7e0a812d9aa14"", ""page_numbers"": [1, 8]}, {""doc_id"": ""8e18998606b040f5a6d748ccad5c991462aec551a0381ebed6d3f7eac6bab400"", ""page_numbers"": [1]}]",1fbae05f38185db6113ecb323f836cd8c5d188037921f5c5c5b7e0a812d9aa14;8e18998606b040f5a6d748ccad5c991462aec551a0381ebed6d3f7eac6bab400,CFI 022/2025;CFI 084/2024,retrieval_rules
b7284b2c9029fb0369044bf09b6c471e998b8a8746d59ffe358a654a3c202a0a,boolean,"Considering all documents across case ARB 035/2025 and case CFI 016/2025, was there any judge who participated in both?",true,"[{""doc_id"": ""138dc1cd698cc761ced3726040971ea9025df4d4b7d515412582131ae0e2c751"", ""page_numbers"": [1]}, {""doc_id"": ""ff79b04bb44341529eb5fc2c90257e6834919be3d736e084f9febb1a3315785c"", ""page_numbers"": [1, 2]}]",138dc1cd698cc761ced3726040971ea9025df4d4b7d515412582131ae0e2c751;6248961b681ea0deb189f354be0c8286f35974dcdb211c13c921c3dd0e566a6e;ff79b04bb44341529eb5fc2c90257e6834919be3d736e084f9febb1a3315785c,ARB 035/2025;CFI 016/2025,retrieval_rules
0b08616c9e0718fa45e7b57db8cb52f80e2843bb4db795137a9e5a27d4e70ca8,name,Which case has an earlier Date of Issue: SCT 101/2025 or SCT 415/2024?,"""Oana v Onyx [2025] DIFC SCT 101""","[{""doc_id"": ""8f8837a8ccf2a27e9f7264f569a2df49aea92c1d6ecee753c6e307c9c5c37b87"", ""page_numbers"": [1]}, {""doc_id"": ""e9a32d22eb9bac59756c1fe25e6d5ffd09d75582efcbe191fe8f078145cc08a5"", ""page_numbers"": [1, 2]}]",8f8837a8ccf2a27e9f7264f569a2df49aea92c1d6ecee753c6e307c9c5c37b87;e9a32d22eb9bac59756c1fe25e6d5ffd09d75582efcbe191fe8f078145cc08a5,SCT 101/2025;SCT 415/2024,retrieval_rules
aeef03e024998e6e057a0c37ada57199ec082e56e16e84db5cdc61d5829d34ae,boolean,Is there a judge who presided over both case CFI 058/2024 and case CFI 106/2025?,true,"[{""doc_id"": ""51d4b9c700ef128624b2b79f6caaf68f2cb879fce9e5329aefce57439322a162"", ""page_numbers"": [1]}, {""doc_id"": ""7a288e5ccc9cf410418f9786f72eaf82becf52c4070446a61bc9eecee004601f"", ""page_numbers"": [2, 7]}]",51d4b9c700ef128624b2b79f6caaf68f2cb879fce9e5329aefce57439322a162;7a288e5ccc9cf410418f9786f72eaf82becf52c4070446a61bc9eecee004601f,CFI 058/2024;CFI 106/2025,retrieval_rules
edc0fa0947290df2b9629bcbcd5366af40f40fc237f928c03f3a626bbd4b68e4,boolean,Was a full trial held in case CFI 057/2025?,null,"[{""doc_id"": ""1b446e196b4d1752241c8ff689a31ea705e98ad0c16b9d343c303664f72b64a1"", ""page_numbers"": [1, 2, 3]}]",1b446e196b4d1752241c8ff689a31ea705e98ad0c16b9d343c303664f72b64a1,CFI 057/2025,retrieval_rules
5952faba0bffde713fac6dbaf57a455f264d809a4bf7614a91572853bf6448ec,number,What filing fee in USD applies under DIFC Employment Law No. 2 of 2019 to an Employer who has been provided with an Exemption Certificate making regular filings in respect of each Exempt Scheme it pays deemed Core Benefits to and details of Employees subject to exemption per the law?,7.0,"[{""doc_id"": ""cf6fe826c8d98447fb2509c368437743906faf89a74ea51d02c7bfbe2565ce6d"", ""page_numbers"": [4]}, {""doc_id"": ""dc942610b9f6ef0fffc048df45958b750d18b26576894e6f994fa72d42222a95"", ""page_numbers"": [8, 9]}]",7b30756e5285fdf5a2e546427d18b1af24c814a3cebadacb2cccde126ad91e19;cf6fe826c8d98447fb2509c368437743906faf89a74ea51d02c7bfbe2565ce6d;dc942610b9f6ef0fffc048df45958b750d18b26576894e6f994fa72d42222a95,LAW NO. 2 OF 2019,retrieval_rules
2a9c2caea182a3ea8fd65310fbf658cbcdbca15469a4a492a5cacd09f070cfd9,boolean,Is there any main party that appeared in both cases CFI 069/2024 and SCT 485/2024 at any point?,null,"[{""doc_id"": ""0428cdda3cb116062c96885d16d8bb023f6a4a089d40f8129e0253e4fb165d9d"", ""page_numbers"": [1, 2]}, {""doc_id"": ""df1355930bf24acf13f161965f6f413db2877773a500f4d5a804a1e3f951166e"", ""page_numbers"": [1]}]",0428cdda3cb116062c96885d16d8bb023f6a4a089d40f8129e0253e4fb165d9d;df1355930bf24acf13f161965f6f413db2877773a500f4d5a804a1e3f951166e,CFI 069/2024;SCT 485/2024,retrieval_rules
1c60a1ef8a2d8a6cf79861e101d90994ce6bc0e08c0248daf50ac27ed236fcec,date,"What is the response deadline mentioned in the DIFC document ""NON PROFIT INCORPORATED ORGANISATIONS LAW DIFC LAW No. XX of 2011""?",null,[],,,fallback_no_target_docs
78b35dab2a6d2c90cdb7f6734bd43ff70a1ef47c0b41b16c0891f82ad45ed670,number,How many unique claimants were involved across all stages of case CFI 073/2024?,12.0,"[{""doc_id"": ""5e1dd3fe094245b81e31da9c32d6f5765079ae3de3a3c8f1ca984bdca70dc3f9"", ""page_numbers"": [5]}, {""doc_id"": ""68976d0ef40230a57bf5d2cd2b8bbcb5b875fcf476d9aae4ea0b8dacb3787c23"", ""page_numbers"": [14, 16]}]",5e1dd3fe094245b81e31da9c32d6f5765079ae3de3a3c8f1ca984bdca70dc3f9;68976d0ef40230a57bf5d2cd2b8bbcb5b875fcf476d9aae4ea0b8dacb3787c23,CFI 073/2024,retrieval_rules
ad2cd4add7e609647e3fab03ff7452db633762276d9bce1d5636931e9ed95f8f,number,How many unique parties initiated the proceedings in case CFI 106/2025?,35.0,"[{""doc_id"": ""7a288e5ccc9cf410418f9786f72eaf82becf52c4070446a61bc9eecee004601f"", ""page_numbers"": [4, 6, 7]}]",7a288e5ccc9cf410418f9786f72eaf82becf52c4070446a61bc9eecee004601f,CFI 106/2025,retrieval_rules
ed326d4b030de9b8d1b46ed2f308cd3f960a4a57842145006216430567e9cf0d,date,When was the original arbitral award issued in case ARB 024/2025?,null,"[{""doc_id"": ""55fa145c3f08b4ca22bba9263dbcdb3ec4f9d9c762c73ae20e8e6f8019c010f7"", ""page_numbers"": [1, 2, 3]}]",55fa145c3f08b4ca22bba9263dbcdb3ec4f9d9c762c73ae20e8e6f8019c010f7,ARB 024/2025,retrieval_rules
8d7077d411e2bc2317aad1783fd75156500eb8aa54b11e81582d431af9462f55,names,Who appealed the original decision in case CA 003/2024?,"[""Order"", ""Justice Wayne Martin"", ""July"", ""Worldwide Freezing Order"", ""Reasons""]","[{""doc_id"": ""665e1be417bb694d30926dec91130ad36cb25567e49e0e20aabed26f2830fb4c"", ""page_numbers"": [2, 4, 21]}]",665e1be417bb694d30926dec91130ad36cb25567e49e0e20aabed26f2830fb4c,CA 003/2024,retrieval_rules
b4f4f4f0dff26ae867e3d0bba3bea62bc8c97230b630951a311c3b116eb67cb8,boolean,Is there any main party common to both case SCT 485/2024 and case TCD 003/2022 at any point?,true,"[{""doc_id"": ""b9fdb42c55d635bd14ae3074bc1ee15f7fcafc647b4d839da882598c05bde6f4"", ""page_numbers"": [1]}, {""doc_id"": ""df1355930bf24acf13f161965f6f413db2877773a500f4d5a804a1e3f951166e"", ""page_numbers"": [1, 3]}]",b9fdb42c55d635bd14ae3074bc1ee15f7fcafc647b4d839da882598c05bde6f4;df1355930bf24acf13f161965f6f413db2877773a500f4d5a804a1e3f951166e,SCT 485/2024;TCD 003/2022,retrieval_rules
5eb1acb1dc71b740b95cdd4e4ea5040cf4b03953828218fed6ded58b70d42b12,date,What is the enactment date of the COMPANIES REGULATIONS?,null,[],,,fallback_no_target_docs
a0c00ad7e8d5a16863b90d554b2f3e2fa249056199daca427d9849824991b76c,number,How many unique claimants brought the claim in case CFI 041/2021?,41.0,"[{""doc_id"": ""2a2461886df041f237b8f2791c68315070c99f91a719f7d375c3ecdbae72a439"", ""page_numbers"": [1, 2, 4]}]",2a2461886df041f237b8f2791c68315070c99f91a719f7d375c3ecdbae72a439,CFI 041/2021,retrieval_rules
149673c97f90d3385d4cce90f092d1a94afe37ea355459350e9df4456b376c90,boolean,Is there an indication that the decision in SCT 405/2025 was appealed to the CFI?,true,"[{""doc_id"": ""65f3f4acfcaca7fc9488e275643135ea7e1d30323e4f4c2cc04d7fc16844e373"", ""page_numbers"": [1, 2, 3]}]",65f3f4acfcaca7fc9488e275643135ea7e1d30323e4f4c2cc04d7fc16844e373,SCT 405/2025,retrieval_rules
3e117a15e998abb3ac4216c7afe3562634961f411fa75301695c8ab821bdc63c,boolean,Is there an indication that the decision in SCT 101/2025 was appealed to the CFI?,true,"[{""doc_id"": ""8f8837a8ccf2a27e9f7264f569a2df49aea92c1d6ecee753c6e307c9c5c37b87"", ""page_numbers"": [1, 2, 3]}]",8f8837a8ccf2a27e9f7264f569a2df49aea92c1d6ecee753c6e307c9c5c37b87,SCT 101/2025,retrieval_rules
ad071cd5a7a2ee0e0a36a2a06305338b1b31c5aa95bf4f426c3901add00a9c34,names,Who appealed the original decision in case CA 006/2024?,"[""The Defendant"", ""Claimant"", ""Registrar"", ""Mr Dev"", ""It""]","[{""doc_id"": ""4153eef0383716968a41846200fa8bb135726cb45d32787053699c805c427ec9"", ""page_numbers"": [2, 3, 8]}]",4153eef0383716968a41846200fa8bb135726cb45d32787053699c805c427ec9,CA 006/2024,retrieval_rules
6c816f2d48950d2fd5b8eec7561ffee023ee4cb138c3556a3ea1fff382660cf2,date,"By when should public responses be submitted according to ""DIFC LAWS AMENDMENT LAW DIFC LAW NO. 1 of 2016""?",null,[],,LAW NO. 1 OF 2016,fallback_no_target_docs
96be8f502cd16d18f4bc214e6963b726af9dfbac028bfd2b980c3b761e9fa571,names,Who opposed the appeal in case CA 001/2025?,"[""His Excellency"", ""Court"", ""He"", ""Proceedings"", ""This""]","[{""doc_id"": ""717dc41cb19258ad4e8901597d165f94cfc4f37074f3cf0b5d2e8f42b17e547a"", ""page_numbers"": [2, 17, 27]}]",717dc41cb19258ad4e8901597d165f94cfc4f37074f3cf0b5d2e8f42b17e547a,CA 001/2025,retrieval_rules
3ca2b325e8b9f32e90a5e99e2e3d53f1d000b4183ec57fa0b49ff2c47925571a,number,How many unique parties were defending the claim in case SCT 475/2024?,36.41,"[{""doc_id"": ""78461539a8b7238c314b7dd56483e1682c5e1ce7f3cf8fc6947e22c0ac5d0d18"", ""page_numbers"": [1, 2, 4]}]",78461539a8b7238c314b7dd56483e1682c5e1ce7f3cf8fc6947e22c0ac5d0d18,SCT 475/2024,retrieval_rules
726d7387d8b768b8f35b049d05d5fb4a111f28a18cbbabeed3cafb9229ac7464,boolean,"Based on all documents in case ARB 009/2023 and case CFI 058/2024, did any judge appear in both?",null,"[{""doc_id"": ""51d4b9c700ef128624b2b79f6caaf68f2cb879fce9e5329aefce57439322a162"", ""page_numbers"": [1]}, {""doc_id"": ""ec70dca8ed05590449db65f2e6cae5213af3ca12c6bf2dc176f07f460668ac9a"", ""page_numbers"": [1, 5]}]",51d4b9c700ef128624b2b79f6caaf68f2cb879fce9e5329aefce57439322a162;ec70dca8ed05590449db65f2e6cae5213af3ca12c6bf2dc176f07f460668ac9a,ARB 009/2023;CFI 058/2024,retrieval_rules
0dcc63c933602e8311eebdaa7016d25c779294554db710c2ecba1a7e55973e96,boolean,Does case ENF 269/2023 enforce the arbitration decision made in ARB 027/2024?,true,"[{""doc_id"": ""5d3df6d69fac3ef91e13ac835b43a35e9e434fbc7e72ea5c01e288d69b66e6a2"", ""page_numbers"": [1]}, {""doc_id"": ""5f2e0f8fe61acf2975a8b3a1a4f51ff3fe01961d220da1ec068cab0f398d6177"", ""page_numbers"": [1]}, {""doc_id"": ""eb21473f54ab4648cd26afdc1c99381ac25b2307b870832b36f61eb7dcef2528"", ""page_numbers"": [1]}]",5d3df6d69fac3ef91e13ac835b43a35e9e434fbc7e72ea5c01e288d69b66e6a2;5f2e0f8fe61acf2975a8b3a1a4f51ff3fe01961d220da1ec068cab0f398d6177;8983927b2f648fff22bb3829dec54fee521a081ae4967b9956d57ba89464b6e3;912b9d008dbc9a39adf9574e5a49274a18eb58ab7a702cabcd52858ea48a8046;eb21473f54ab4648cd26afdc1c99381ac25b2307b870832b36f61eb7dcef2528,ARB 027/2024;ENF 269/2023,retrieval_rules
e759b663f3dd526b4be938f9992d0fa9bf08e1c6fcc8480ecee41c7e33bd0ea2,date,"By when should public responses be submitted according to ""CONSULTATION PAPER NO. 5 Law of Security and Financial Collateral Regulations""?",null,[],,,fallback_no_target_docs
1e1238c6119ed749321cd0addedbaeb69e68eec861acb1d122a2730e8944bf23,name,"According to Article 17(1) of the Strata Title Law DIFC Law No. 5 of 2007, what type of resolution is required for a Body Corporate to sell or dispose of part of the Common Property, or grant or amend a lease over part of the Common Property?","""STRATA TITLE REGULATIONS""","[{""doc_id"": ""b486db089615010a9b45bc71411b5a238a0a0b9aaf074d875f98f5b934f75079"", ""page_numbers"": [1, 2, 3]}]",b486db089615010a9b45bc71411b5a238a0a0b9aaf074d875f98f5b934f75079,LAW NO. 5 OF 2007,retrieval_rules
fb1176e32e39b9b821fa8e034fcd8523dda9be27e89cb70624289eb381dfd235,boolean,Is there any main party common to both case CFI 106/2025 and case ENF 084/2023 at any point?,true,"[{""doc_id"": ""18d5d0320cded1a097fa66202ff2a80dd38e6ab818dfefffea614cd389632dad"", ""page_numbers"": [1, 2]}, {""doc_id"": ""7a288e5ccc9cf410418f9786f72eaf82becf52c4070446a61bc9eecee004601f"", ""page_numbers"": [7]}]",18d5d0320cded1a097fa66202ff2a80dd38e6ab818dfefffea614cd389632dad;7a288e5ccc9cf410418f9786f72eaf82becf52c4070446a61bc9eecee004601f,CFI 106/2025;ENF 084/2023,retrieval_rules
e4d72576b3396be5c7426126c92db8a5cd176191412269a14067b7c58eb3395b,number,"Under Article 14 of the Law of the Dubai International Financial Centre No. (9) of 2004, for how many years are the Centre's Bodies, Centre Establishments and their employees subject to a zero rate of tax?",null,[],,,fallback_no_target_docs
b6e73833fed9983b886ee39682a854736d340238a1a1691fd2edd0dc5f6d1c07,number,How many unique parties initiated the proceedings in case SCT 485/2024?,2024.0,"[{""doc_id"": ""df1355930bf24acf13f161965f6f413db2877773a500f4d5a804a1e3f951166e"", ""page_numbers"": [1, 2, 3]}]",df1355930bf24acf13f161965f6f413db2877773a500f4d5a804a1e3f951166e,SCT 485/2024,retrieval_rules
e6bc5601b7340bc4d837d116940207b256d4980d9fd542c6e1a28dc8846f8c75,number,"Under the Data Protection Regulations, what Registration (Notification) fee in USD applies to a Category II entity (not authorised by the DFSA, except retail) for notifying the Commissioner of the transfer of Personal Data to a recipient outside of the DIFC which is not subject to laws and Regulations that ensure an adequate level of protection?",null,[],,,fallback_no_target_docs
373869f63e60de4c28ada3d3f7bdf79df0113c5a85aee15f786cdee888b57172,number,How many unique defendants were named in case SCT 256/2024?,26.0,"[{""doc_id"": ""6c3c49e1a35a1e3577a0412f97b6e3d91cae11d24430c7390d7865c992b1a515"", ""page_numbers"": [2, 3, 4]}]",6c3c49e1a35a1e3577a0412f97b6e3d91cae11d24430c7390d7865c992b1a515,SCT 256/2024,retrieval_rules
0bd6e85cfdbe698fadf8c5abd6ceeabfe0e878f9b80d7df50e0f888ffa38e7e9,boolean,Is there evidence that a final trial took place in case CFI 016/2025?,true,"[{""doc_id"": ""6248961b681ea0deb189f354be0c8286f35974dcdb211c13c921c3dd0e566a6e"", ""page_numbers"": [1, 3, 6]}]",6248961b681ea0deb189f354be0c8286f35974dcdb211c13c921c3dd0e566a6e,CFI 016/2025,retrieval_rules
d246b978c7e9b7365898182cdea0626268501da4de5a1f2eeffd3e14cae4a956,name,Which case had a higher claim amount: SCT 160/2025 or SCT 415/2024?,"""Issued by:""","[{""doc_id"": ""e4741149b9a44c7cd24286313a2c89e92923b8e99786d4b02107f093aa8293c2"", ""page_numbers"": [6]}, {""doc_id"": ""e9a32d22eb9bac59756c1fe25e6d5ffd09d75582efcbe191fe8f078145cc08a5"", ""page_numbers"": [1, 2]}]",e4741149b9a44c7cd24286313a2c89e92923b8e99786d4b02107f093aa8293c2;e9a32d22eb9bac59756c1fe25e6d5ffd09d75582efcbe191fe8f078145cc08a5,SCT 160/2025;SCT 415/2024,retrieval_rules
f378457dc4e9f78aa2ce25dde7449a5400b853217f8ebda07a8654a015b15021,number,What is the law number of the Data Protection Law?,null,[],,,fallback_no_target_docs
882435605978f79b90b4336ee691eb1cec0d009b77bcd530935444b631f3de5d,name,"Which authority issued the DIFC document titled ""PROPOSED AMENDMENT TO THE DIFC REAL PROPERTY REGULATIONS""?",null,[],,,fallback_no_target_docs
f103d6eb1d7a35202c4db50a234195ec65a51c660254383021ee1fa48c4d6c76,boolean,"Across all documents in case CFI 069/2024 and case TCD 003/2022, was the same judge involved?",null,"[{""doc_id"": ""0428cdda3cb116062c96885d16d8bb023f6a4a089d40f8129e0253e4fb165d9d"", ""page_numbers"": [1, 2]}, {""doc_id"": ""b9fdb42c55d635bd14ae3074bc1ee15f7fcafc647b4d839da882598c05bde6f4"", ""page_numbers"": [1]}]",0428cdda3cb116062c96885d16d8bb023f6a4a089d40f8129e0253e4fb165d9d;b9fdb42c55d635bd14ae3074bc1ee15f7fcafc647b4d839da882598c05bde6f4,CFI 069/2024;TCD 003/2022,retrieval_rules
72cd29e37e7be7b5850d822ff963a090ec438c332f8194dffaa4ffeae3485de1,name,"Between ENF 221/2019 and ENF-022-2023, which case had the higher enforcement amount?","""Authority""","[{""doc_id"": ""a0202a8e076cefa41fb711adb39e9e800bd45f2681ee45a787497a6ffec95eeb"", ""page_numbers"": [1]}, {""doc_id"": ""a5e5dcb254049c618d0e0a8cb0e07b4d5ae594c286c54285267254a8b9066309"", ""page_numbers"": [1]}, {""doc_id"": ""fb2d4e5fc4064d466bff512927912ba042780e3aa4374a7ff4c86236421e4fcf"", ""page_numbers"": [1]}]",a0202a8e076cefa41fb711adb39e9e800bd45f2681ee45a787497a6ffec95eeb;a5e5dcb254049c618d0e0a8cb0e07b4d5ae594c286c54285267254a8b9066309;fb2d4e5fc4064d466bff512927912ba042780e3aa4374a7ff4c86236421e4fcf,ENF 221/2019,retrieval_rules
327fec3f3bfa8fa1bd91731409edf905b82f1c50891f677408fad9ba2d615d8f,number,What amount was awarded in the arbitration underlying case ARB 035/2025?,35.0,"[{""doc_id"": ""138dc1cd698cc761ced3726040971ea9025df4d4b7d515412582131ae0e2c751"", ""page_numbers"": [1, 2]}, {""doc_id"": ""ff79b04bb44341529eb5fc2c90257e6834919be3d736e084f9febb1a3315785c"", ""page_numbers"": [1]}]",138dc1cd698cc761ced3726040971ea9025df4d4b7d515412582131ae0e2c751;ff79b04bb44341529eb5fc2c90257e6834919be3d736e084f9febb1a3315785c,ARB 035/2025,retrieval_rules
f3bd65bb1a5645c246ce296e4b914053370fe9253729074bb66d8caef0fde35c,number,"Under the Non Profit Incorporated Organisations Law DIFC Law No. 6 of 2012, what maximum fine is imposed on the Founding Members of an Incorporated Organisation who fail to cause accounts to be prepared within six (6) months after the end of the financial year, contrary to Article 19(1) (in USD)?",null,[],,LAW NO. 6 OF 2012,fallback_no_target_docs
e0b59660dbbed9f5e18783e3fa089e4ab50d53600c7da050881ce3268f9d81e4,boolean,Review the full case files for CFI 058/2024 and SCT 042/2025 — is there any main party common to both?,true,"[{""doc_id"": ""4e30baac0c5eb8273894d8f7e17d4066356c92eb15eedcc802abf45cf942da43"", ""page_numbers"": [3, 8]}, {""doc_id"": ""51d4b9c700ef128624b2b79f6caaf68f2cb879fce9e5329aefce57439322a162"", ""page_numbers"": [1]}]",4e30baac0c5eb8273894d8f7e17d4066356c92eb15eedcc802abf45cf942da43;51d4b9c700ef128624b2b79f6caaf68f2cb879fce9e5329aefce57439322a162,CFI 058/2024;SCT 042/2025,retrieval_rules
2ccc14f6ca44e12cd9793927c9bacafe099c1665dff5194f8bf47e6c72ab29e4,date,What was the deadline for providing comments on the proposals in DIFC Consultation Paper No. 1 on Hotel Operating Regulations?,null,[],,,fallback_no_target_docs
4c70874671d36a63ec53dfbf48201125bb0e161e9bdad543f276490c964e9341,boolean,Is there evidence that a final trial took place in case CFI 092/2024?,true,"[{""doc_id"": ""d32e76d495ac7d855d805fb71682b98d254520e3799aa4529ebc983212648335"", ""page_numbers"": [1, 4, 9]}]",d32e76d495ac7d855d805fb71682b98d254520e3799aa4529ebc983212648335,CFI 092/2024,retrieval_rules
bdd28ce816a5b01ab2b5a853b5a9b74c991b7d4e7ebc99a26bae2c41d6836bfc,boolean,"Based on all documents in case ARB 014/2025 and case CA 012/2024, identify whether any person or company is a main party to both.",true,"[{""doc_id"": ""0fab7473adefdc8ab2150cb26aac46cf3f6b5c1da374abb1ec217448ae3c2869"", ""page_numbers"": [4]}, {""doc_id"": ""62d4492fbd9570bdc5d0c9ee17e3969b2238bc5fa12416de9a0fd27adf56deeb"", ""page_numbers"": [1, 3]}]",0fab7473adefdc8ab2150cb26aac46cf3f6b5c1da374abb1ec217448ae3c2869;62d4492fbd9570bdc5d0c9ee17e3969b2238bc5fa12416de9a0fd27adf56deeb,ARB 014/2025;CA 012/2024,retrieval_rules
f4d7e9c5e01131522f3693de0e319d88e53ca53c26e872b5117a6ee9de4e3e52,boolean,Identify whether any person or company is a main party to both SCT 101/2025 and SCT 133/2025 at any point.,true,"[{""doc_id"": ""44eada8b59109a9786d26b923013ae3674be81e37fc9d5a10c5d2e46f04068f7"", ""page_numbers"": [1]}, {""doc_id"": ""8f8837a8ccf2a27e9f7264f569a2df49aea92c1d6ecee753c6e307c9c5c37b87"", ""page_numbers"": [1, 2]}]",44eada8b59109a9786d26b923013ae3674be81e37fc9d5a10c5d2e46f04068f7;8f8837a8ccf2a27e9f7264f569a2df49aea92c1d6ecee753c6e307c9c5c37b87,SCT 101/2025;SCT 133/2025,retrieval_rules
0d45754946ddc2b136d97cc42e2b059c137fdfd3856eedd7ad16692f6a4b9fa0,boolean,Identify whether any person or company is a main party to both CFI 055/2020 and SCT 160/2025 at any point.,true,"[{""doc_id"": ""b02055aab210dceb055711108f8d4b8a75e8b3c935efe5cab3291ac9a07abada"", ""page_numbers"": [1, 2]}, {""doc_id"": ""e4741149b9a44c7cd24286313a2c89e92923b8e99786d4b02107f093aa8293c2"", ""page_numbers"": [6]}]",b02055aab210dceb055711108f8d4b8a75e8b3c935efe5cab3291ac9a07abada;e4741149b9a44c7cd24286313a2c89e92923b8e99786d4b02107f093aa8293c2,CFI 055/2020;SCT 160/2025,retrieval_rules
1e91e0c0c38aa7bf780e776cdaf804ec99efc1cf7053d260997f44657a757fc5,boolean,Was the same judge involved at any point in both case CA 015/2024 and case CFI 010/2024?,true,"[{""doc_id"": ""382fb554bdb43738e5ee8ec04cf727a82c852272792219ea35343e2688d48f93"", ""page_numbers"": [1, 8]}, {""doc_id"": ""443e04bc1a78940b3fcd5438d24b6c5f182a276d354a3108e738b193675de032"", ""page_numbers"": [1]}]",382fb554bdb43738e5ee8ec04cf727a82c852272792219ea35343e2688d48f93;443e04bc1a78940b3fcd5438d24b6c5f182a276d354a3108e738b193675de032,CA 015/2024;CFI 010/2024,retrieval_rules
8c34698650f03fb28b8c4eba43c594947cd4d6e133e19725f9ce8cccff978a47,boolean,Were there any changes to the judges presiding over case CA 005/2025 across its various stages?,true,"[{""doc_id"": ""437568a801115019fe8278385c0484bdf07ab86f9a499ecaba2b7969b37c764b"", ""page_numbers"": [5, 11, 13]}]",03b621728fe29eb6113fcdb57f6458d793fd2d5c5b833ae26d40f04a29c85359;437568a801115019fe8278385c0484bdf07ab86f9a499ecaba2b7969b37c764b,CA 005/2025,retrieval_rules
6976d6d247c5a260ebe90eb4ebf418998d7642f5e4e60845d6d49cb8fb145dec,boolean,"Under Article 17(b) of the General Partnership Law 2004, can a person become a Partner without the consent of all existing Partners, unless otherwise agreed?",null,[],,,fallback_no_target_docs
87ae6c8d3d53fad89f1047f358ec874513495ba968c05e229cec0ae11f3527bc,boolean,Were there any changes to the judges presiding over case CA 002/2025 across its various stages?,true,"[{""doc_id"": ""5b2832f111b3aa72cc13807c93b0681112d347dd56cbf623d2ee63373af8f593"", ""page_numbers"": [1, 2, 7]}]",5b2832f111b3aa72cc13807c93b0681112d347dd56cbf623d2ee63373af8f593;c3526451a9131207c28da2e74eabcc4b838fe99acc8e9ed6ea7392a601e8c523,CA 002/2025,retrieval_rules
efd9734a5633ecdfb9222452e7f01b1d2c94968a5f7ba2f29f3418d1ed4ad1f6,number,How many unique parties initiated the proceedings in case TCD 009/2020?,9.0,"[{""doc_id"": ""72c68112558f90a3cd53e49048eec495bf31bdc1846e41cc7f967f55bd10a188"", ""page_numbers"": [1, 2]}]",72c68112558f90a3cd53e49048eec495bf31bdc1846e41cc7f967f55bd10a188,TCD 009/2020,retrieval_rules
b24ae3c5de75c0584135d30d9b4b76942e0a87ac8acbf995da44cb4b7e1b608c,boolean,Did the panel of judges change at any point during the proceedings in case CA 001/2025?,true,"[{""doc_id"": ""717dc41cb19258ad4e8901597d165f94cfc4f37074f3cf0b5d2e8f42b17e547a"", ""page_numbers"": [14, 17, 23]}]",717dc41cb19258ad4e8901597d165f94cfc4f37074f3cf0b5d2e8f42b17e547a,CA 001/2025,retrieval_rules
e3fc9273fc8c305cb6937febfc12a0078f8c601eae297d88b20d3403faf444eb,date,On what date did the DIFC court issue its enforcement document in case ENF-022-2023; ENF-023-2023; CFI-046-2023?,null,[],,,fallback_no_target_docs
651fd8bc5eb94a4c0335f03fa3c6a8cf84529fa5f26896b31610f3a0b8846914,number,What amount was awarded in the arbitration underlying case ARB 032/2025?,49.0,"[{""doc_id"": ""265968877f0f4ffa5838a08335ca9d807f2329e83e8ce5088b85fd5e11941746"", ""page_numbers"": [1, 11]}, {""doc_id"": ""9e5724b81e8f9b5a5f0c8bbc9e9255959be1a86bd53ce817c9d6a02a23475d0c"", ""page_numbers"": [1]}]",265968877f0f4ffa5838a08335ca9d807f2329e83e8ce5088b85fd5e11941746;9e5724b81e8f9b5a5f0c8bbc9e9255959be1a86bd53ce817c9d6a02a23475d0c,ARB 032/2025,retrieval_rules
d30b516aa4f57c842550c2cfcec5dcec2aa7ea913e94b80c667ef1a5f7d3654e,number,How many unique parties initiated the proceedings in case SCT 101/2025?,2025.0,"[{""doc_id"": ""8f8837a8ccf2a27e9f7264f569a2df49aea92c1d6ecee753c6e307c9c5c37b87"", ""page_numbers"": [1, 2, 3]}]",8f8837a8ccf2a27e9f7264f569a2df49aea92c1d6ecee753c6e307c9c5c37b87,SCT 101/2025,retrieval_rules
af476083bb897d2b7357ac620713997017e56bda257e87490ffb0060c4d50acf,number,What is the total number of distinct claimants in case SCT 133/2025?,3.0,"[{""doc_id"": ""44eada8b59109a9786d26b923013ae3674be81e37fc9d5a10c5d2e46f04068f7"", ""page_numbers"": [1, 2, 3]}]",44eada8b59109a9786d26b923013ae3674be81e37fc9d5a10c5d2e46f04068f7,SCT 133/2025,retrieval_rules
ae668059887359c35209cd0c874767746f9c3c495f032ca15ff907980deddeac,boolean,"Across all documents in case ARB 005/2025 and case CA 013/2024, is there any legal entity or individual that appears as a main party in both?",null,"[{""doc_id"": ""159dcd9e773b9de72184c318194f085131a99dae6a53318ae816570bd6daaf72"", ""page_numbers"": [1, 4]}, {""doc_id"": ""dbe11c5a8dedb41beb61f9ceb04121b49b037741af11efc934962fa1b4a5f2c2"", ""page_numbers"": [1]}]",159dcd9e773b9de72184c318194f085131a99dae6a53318ae816570bd6daaf72;dbe11c5a8dedb41beb61f9ceb04121b49b037741af11efc934962fa1b4a5f2c2,ARB 005/2025;CA 013/2024,retrieval_rules
5f61a8c032e7d0abd7c3e6c202704733a0196eb2d937dbef2ef0649b55be3513,number,What is the total number of distinct claimants in case SCT 042/2025?,1.0,"[{""doc_id"": ""4e30baac0c5eb8273894d8f7e17d4066356c92eb15eedcc802abf45cf942da43"", ""page_numbers"": [1, 2, 3]}]",4e30baac0c5eb8273894d8f7e17d4066356c92eb15eedcc802abf45cf942da43,SCT 042/2025,retrieval_rules
5ca1676ae067aaf08b186fe6940942c0f92ae90577cea2ecabe2f4e730e59e40,number,"According to Article 3 of the Law of the Dubai International Financial Centre No. (9) of 2004, how many times per year at minimum must the Higher Board of Directors convene?",null,[],,,fallback_no_target_docs
dafcd0e2420597ef862ca767e938e09bccd3e542cb66cf11b6ed7888dd8210b1,date,On what date did the Court of First Instance issue its document in case CFI 010/2024?,null,"[{""doc_id"": ""443e04bc1a78940b3fcd5438d24b6c5f182a276d354a3108e738b193675de032"", ""page_numbers"": [1, 2, 3]}]",443e04bc1a78940b3fcd5438d24b6c5f182a276d354a3108e738b193675de032,CFI 010/2024,retrieval_rules
b5d719d639a684fde1709e9e17aeb8eb8f8a62cd96cafb0b18f661fdef128138,boolean,"Across all documents in case CFI 043/2020 and case CFI 076/2024, is there any legal entity or individual that appears as a main party in both?",true,"[{""doc_id"": ""96be25a94c84742ae6b7b6e2275376c2393312c7097682f1135590d76d55e727"", ""page_numbers"": [1, 5]}, {""doc_id"": ""9f41ffdf37412adf838e9851fd7f6b0aa9f5514eed54724f81a69917cffebcf9"", ""page_numbers"": [1]}]",96be25a94c84742ae6b7b6e2275376c2393312c7097682f1135590d76d55e727;9f41ffdf37412adf838e9851fd7f6b0aa9f5514eed54724f81a69917cffebcf9,CFI 043/2020;CFI 076/2024,retrieval_rules
55ae7fe2bb242b917df6bbed8155b12494fe117c866725628eb7dd7d4f667040,boolean,Identify whether any person or company is a main party to both CFI 010/2024 and CFI 041/2021 at any point.,null,"[{""doc_id"": ""2a2461886df041f237b8f2791c68315070c99f91a719f7d375c3ecdbae72a439"", ""page_numbers"": [1]}, {""doc_id"": ""443e04bc1a78940b3fcd5438d24b6c5f182a276d354a3108e738b193675de032"", ""page_numbers"": [1, 2]}]",2a2461886df041f237b8f2791c68315070c99f91a719f7d375c3ecdbae72a439;443e04bc1a78940b3fcd5438d24b6c5f182a276d354a3108e738b193675de032,CFI 010/2024;CFI 041/2021,retrieval_rules
0c942fea3bd83e719bf711fc1f98b9a3945b59615a9dfd5b4cb1b8ff33733182,boolean,Review the full case files for CA 009/2024 and SCT 101/2025 — is there any main party common to both?,true,"[{""doc_id"": ""8f8837a8ccf2a27e9f7264f569a2df49aea92c1d6ecee753c6e307c9c5c37b87"", ""page_numbers"": [2]}, {""doc_id"": ""bd2d222ee0a636a745434cfb457321cd658db5bb32b5f0a3f5643236cc1503d8"", ""page_numbers"": [1, 8]}]",8f8837a8ccf2a27e9f7264f569a2df49aea92c1d6ecee753c6e307c9c5c37b87;bd2d222ee0a636a745434cfb457321cd658db5bb32b5f0a3f5643236cc1503d8,CA 009/2024;SCT 101/2025,retrieval_rules
7892a2c531bd4360616524df6f7cb5587e5d6387a23d01182a620994195ca3c0,boolean,"Based on all documents in case CFI 041/2021 and case SCT 543/2025, is there any main party that appeared in both?",true,"[{""doc_id"": ""2a2461886df041f237b8f2791c68315070c99f91a719f7d375c3ecdbae72a439"", ""page_numbers"": [1, 3]}, {""doc_id"": ""eaa0fe6459acec126535e416342312727d056a9fff5894358e4a47604fd043bd"", ""page_numbers"": [1]}]",2a2461886df041f237b8f2791c68315070c99f91a719f7d375c3ecdbae72a439;eaa0fe6459acec126535e416342312727d056a9fff5894358e4a47604fd043bd,CFI 041/2021;SCT 543/2025,retrieval_rules
02399e63610cecd0d228859671a06b006459abb11227b9ef3dcd657b4d7d4387,number,How many unique parties initiated the proceedings in case CFI 025/2025?,25.0,"[{""doc_id"": ""b212f401e34dc75bb9b65c3c45072125db68094f45e0587ab93669c97da650ce"", ""page_numbers"": [1, 5, 7]}]",b212f401e34dc75bb9b65c3c45072125db68094f45e0587ab93669c97da650ce,CFI 025/2025,retrieval_rules
953e204deb66ef4f284d4a6a72caefe354296fc30f3fe16a6de33400c379e38b,number,What is the minimum number of bedrooms a building must incorporate to be considered a Hotel?,null,[],,,fallback_no_target_docs
12b74a8429be2a285033bab74701def585dc682cb6a28f4bae45f1360d734bb7,date,On what date did the Court of First Instance issue its document in case CFI 081/2023?,null,"[{""doc_id"": ""dda8c7ff4dc7629de6c05fa9aeb88e6fb54d5d856af69f54d85ea46eebbf7ee7"", ""page_numbers"": [1, 2, 3]}]",dda8c7ff4dc7629de6c05fa9aeb88e6fb54d5d856af69f54d85ea46eebbf7ee7,CFI 081/2023,retrieval_rules
3213b6725688d7658886862016cdc47a98c03cf0390de920118141945f2998bc,boolean,Is case ENF 022/2023 related to the arbitration award in case ARB 017/2025?,true,"[{""doc_id"": ""103a9b704ee8a81483a357fed2ea3a7f3ce3cfd4b267bc1d4ad453f36ea2e6cd"", ""page_numbers"": [1, 2]}, {""doc_id"": ""cf18d18dae354e2419910c0a7ad37605b9b1885b699b059edd21cac091508ecd"", ""page_numbers"": [1]}]",103a9b704ee8a81483a357fed2ea3a7f3ce3cfd4b267bc1d4ad453f36ea2e6cd;cf18d18dae354e2419910c0a7ad37605b9b1885b699b059edd21cac091508ecd,ARB 017/2025;ENF 022/2023,retrieval_rules
5a48c3e741684512fe51d8d9db1ece397f1313f5010297c4be0f33cb337a0d0f,boolean,Is there a judge who presided over both case CA 016/2024 and case CFI 067/2025?,true,"[{""doc_id"": ""7762b20eeb3ca0cb3dd62a4b079bf01d6b5e7f8707d7be77ad9c6ff1e230aabe"", ""page_numbers"": [2, 27]}, {""doc_id"": ""897ab23ed5a70034d3d708d871ad1da8bc7b6608d94b1ca46b5d578d985d3c13"", ""page_numbers"": [1]}]",7762b20eeb3ca0cb3dd62a4b079bf01d6b5e7f8707d7be77ad9c6ff1e230aabe;897ab23ed5a70034d3d708d871ad1da8bc7b6608d94b1ca46b5d578d985d3c13,CA 016/2024;CFI 067/2025,retrieval_rules
